cn647.scarf.rl.ac.uk.21958ipath_wait_for_device: The /dev/ipath device failed to appear after 30.0 seconds: Connection timed out
cn647.scarf.rl.ac.uk.21960ipath_wait_for_device: The /dev/ipath device failed to appear after 30.0 seconds: Connection timed out
cn665.scarf.rl.ac.uk.17460ipath_wait_for_device: The /dev/ipath device failed to appear after 30.0 seconds: Connection timed out
cn647.scarf.rl.ac.uk.21966ipath_wait_for_device: The /dev/ipath device failed to appear after 30.0 seconds: Connection timed out
cn665.scarf.rl.ac.uk.17459ipath_wait_for_device: The /dev/ipath device failed to appear after 30.0 seconds: Connection timed out
cn647.scarf.rl.ac.uk.21957ipath_wait_for_device: The /dev/ipath device failed to appear after 30.0 seconds: Connection timed out
cn665.scarf.rl.ac.uk.17461ipath_wait_for_device: The /dev/ipath device failed to appear after 30.0 seconds: Connection timed out
cn647.scarf.rl.ac.uk.21959ipath_wait_for_device: The /dev/ipath device failed to appear after 30.0 seconds: Connection timed out
cn665.scarf.rl.ac.uk.17462ipath_wait_for_device: The /dev/ipath device failed to appear after 30.0 seconds: Connection timed out
cn647.scarf.rl.ac.uk.21961ipath_wait_for_device: The /dev/ipath device failed to appear after 30.0 seconds: Connection timed out
cn665.scarf.rl.ac.uk.17474ipath_wait_for_device: The /dev/ipath device failed to appear after 30.0 seconds: Connection timed out
cn647.scarf.rl.ac.uk.21972ipath_wait_for_device: The /dev/ipath device failed to appear after 30.0 seconds: Connection timed out
cn665.scarf.rl.ac.uk.17473ipath_wait_for_device: The /dev/ipath device failed to appear after 30.0 seconds: Connection timed out
cn647.scarf.rl.ac.uk.21976ipath_wait_for_device: The /dev/ipath device failed to appear after 30.0 seconds: Connection timed out
cn647.scarf.rl.ac.uk.21969ipath_wait_for_device: The /dev/ipath device failed to appear after 30.0 seconds: Connection timed out
cn647.scarf.rl.ac.uk.21979ipath_wait_for_device: The /dev/ipath device failed to appear after 30.0 seconds: Connection timed out
cn665.scarf.rl.ac.uk.17471ipath_wait_for_device: The /dev/ipath device failed to appear after 30.0 seconds: Connection timed out
cn647.scarf.rl.ac.uk.21968ipath_wait_for_device: The /dev/ipath device failed to appear after 30.0 seconds: Connection timed out
cn665.scarf.rl.ac.uk.17466ipath_wait_for_device: The /dev/ipath device failed to appear after 30.0 seconds: Connection timed out
cn647.scarf.rl.ac.uk.21980ipath_wait_for_device: The /dev/ipath device failed to appear after 30.0 seconds: Connection timed out
cn665.scarf.rl.ac.uk.17469ipath_wait_for_device: The /dev/ipath device failed to appear after 30.0 seconds: Connection timed out
cn647.scarf.rl.ac.uk.21967ipath_wait_for_device: The /dev/ipath device failed to appear after 30.0 seconds: Connection timed out
cn665.scarf.rl.ac.uk.17463ipath_wait_for_device: The /dev/ipath device failed to appear after 30.0 seconds: Connection timed out
cn647.scarf.rl.ac.uk.21962ipath_wait_for_device: The /dev/ipath device failed to appear after 30.0 seconds: Connection timed out
cn665.scarf.rl.ac.uk.17472ipath_wait_for_device: The /dev/ipath device failed to appear after 30.0 seconds: Connection timed out
cn647.scarf.rl.ac.uk.21973ipath_wait_for_device: The /dev/ipath device failed to appear after 30.0 seconds: Connection timed out
cn665.scarf.rl.ac.uk.17465ipath_wait_for_device: The /dev/ipath device failed to appear after 30.0 seconds: Connection timed out
cn647.scarf.rl.ac.uk.21974ipath_wait_for_device: The /dev/ipath device failed to appear after 30.0 seconds: Connection timed out
cn665.scarf.rl.ac.uk.17478ipath_wait_for_device: The /dev/ipath device failed to appear after 30.0 seconds: Connection timed out
cn647.scarf.rl.ac.uk.21978ipath_wait_for_device: The /dev/ipath device failed to appear after 30.0 seconds: Connection timed out
cn647.scarf.rl.ac.uk.21977ipath_wait_for_device: The /dev/ipath device failed to appear after 30.0 seconds: Connection timed out
cn647.scarf.rl.ac.uk.21965ipath_wait_for_device: The /dev/ipath device failed to appear after 30.0 seconds: Connection timed out
cn647.scarf.rl.ac.uk.21971ipath_wait_for_device: The /dev/ipath device failed to appear after 30.0 seconds: Connection timed out
cn647.scarf.rl.ac.uk.21963ipath_wait_for_device: The /dev/ipath device failed to appear after 30.0 seconds: Connection timed out
cn647.scarf.rl.ac.uk.21975ipath_wait_for_device: The /dev/ipath device failed to appear after 30.0 seconds: Connection timed out
cn665.scarf.rl.ac.uk.17476ipath_wait_for_device: The /dev/ipath device failed to appear after 30.0 seconds: Connection timed out
cn665.scarf.rl.ac.uk.17481ipath_wait_for_device: The /dev/ipath device failed to appear after 30.0 seconds: Connection timed out
cn665.scarf.rl.ac.uk.17475ipath_wait_for_device: The /dev/ipath device failed to appear after 30.0 seconds: Connection timed out
cn647.scarf.rl.ac.uk.21970ipath_wait_for_device: The /dev/ipath device failed to appear after 30.0 seconds: Connection timed out
cn665.scarf.rl.ac.uk.17467ipath_wait_for_device: The /dev/ipath device failed to appear after 30.0 seconds: Connection timed out
cn665.scarf.rl.ac.uk.17482ipath_wait_for_device: The /dev/ipath device failed to appear after 30.0 seconds: Connection timed out
cn665.scarf.rl.ac.uk.17470ipath_wait_for_device: The /dev/ipath device failed to appear after 30.0 seconds: Connection timed out
cn665.scarf.rl.ac.uk.17479ipath_wait_for_device: The /dev/ipath device failed to appear after 30.0 seconds: Connection timed out
cn665.scarf.rl.ac.uk.17464ipath_wait_for_device: The /dev/ipath device failed to appear after 30.0 seconds: Connection timed out
cn665.scarf.rl.ac.uk.17477ipath_wait_for_device: The /dev/ipath device failed to appear after 30.0 seconds: Connection timed out
cn665.scarf.rl.ac.uk.17480ipath_wait_for_device: The /dev/ipath device failed to appear after 30.0 seconds: Connection timed out
cn647.scarf.rl.ac.uk.21964ipath_wait_for_device: The /dev/ipath device failed to appear after 30.0 seconds: Connection timed out
cn665.scarf.rl.ac.uk.17468ipath_wait_for_device: The /dev/ipath device failed to appear after 30.0 seconds: Connection timed out

     Program GIPAW v.6.7MaX starts on 14Jun2021 at 12: 8:28 

     This program is part of the open-source Quantum ESPRESSO suite
     for quantum simulation of materials; please cite
         "P. Giannozzi et al., J. Phys.:Condens. Matter 21 395502 (2009);
         "P. Giannozzi et al., J. Phys.:Condens. Matter 29 465901 (2017);
          URL http://www.quantum-espresso.org", 
     in publications or presentations arising from this work. More details at
     http://www.quantum-espresso.org/quote

     Parallel version (MPI), running on    48 processors

     MPI processes distributed on     2 nodes
     R & G space division:  proc/nbgrp/npool/nimage =      48
 
     ***** This is GIPAW git revision                                          *****
     ***** you can cite: N. Varini et al., Comp. Phys. Comm. 184, 1827 (2013)  *****
     ***** in publications or presentations arising from this work.            *****
 
     Parallelizing q-star over 1 images

     Reading xml data from directory:

     /scratch/scarf498/v3ge_big_nospin.save/
 end of file reached, closing tag not found
     file V.pbe-spnl-kjpaw_psl.1.0.0.UPF: wavefunction(s)  3P 3D renormalized
     file Si.pbe-n-kjpaw_psl.1.0.0.UPF: wavefunction(s)  3S 3P renormalized
     file H.pbe-kjpaw_psl.1.0.0.UPF: wavefunction(s)  1S renormalized

     IMPORTANT: XC functional enforced from input :
     Exchange-correlation= PBE
                           (   1   4   3   4   0   0   0)
     Any further DFT definition will be discarded
     Please, verify this is what you really want

 
     Parallelization info
     --------------------
     sticks:   dense  smooth     PW     G-vecs:    dense   smooth      PW
     Min         714     285     74                99472    25155    3392
     Max         715     286     75                99479    25160    3401
     Sum       34293   13705   3593              4774765  1207541  163083
 

     Check: negative core charge=   -0.000003
     Reading collected, re-writing distributed wavefunctions

     Subspace diagonalization in iterative solution of the eigenvalue problem:
     a serial algorithm will be used

     GIPAW projectors -----------------------------------------------
     atom=  V    l=0  rc=    1.5500  rs=    1.0333
     atom=  V    l=0  rc=    1.6000  rs=    1.0667
     atom=  V    l=1  rc=    1.4000  rs=    0.9333
     atom=  V    l=1  rc=    1.4000  rs=    0.9333
     atom=  V    l=2  rc=    1.5500  rs=    1.0333
     atom=  V    l=2  rc=    1.5500  rs=    1.0333
 
     atom=  Si   l=0  rc=    1.8000  rs=    1.2000
     atom=  Si   l=0  rc=    1.8000  rs=    1.2000
     atom=  Si   l=1  rc=    1.8000  rs=    1.2000
     atom=  Si   l=1  rc=    1.8000  rs=    1.2000
     atom=  Si   l=2  rc=    1.8000  rs=    1.2000
     atom=  Si   l=2  rc=    1.8000  rs=    1.2000
     projs nearly linearly dependent: l=2  n1,n2= 1, 2  s=  0.99992180
 
     atom=  H    l=0  rc=    1.0000  rs=    0.6667
     atom=  H    l=0  rc=    1.0000  rs=    0.6667
     projs nearly linearly dependent: l=0  n1,n2= 1, 2  s=  0.99968852
     -----------------------------------------------------------------
 
     GIPAW integrals: -------------------------------------------
     Atom  i/j   nmr_para   nmr_dia   epr_rmc  epr_para   epr_dia
       V   1 1   0.32E+04 -0.45E+00  0.14E+02  0.14E+10  0.96E+03
       V   2 1   0.22E+04 -0.11E+01  0.80E+01  0.99E+09  0.64E+03
       V   2 2   0.15E+04 -0.18E+01  0.17E+01  0.70E+09  0.41E+03
       V   3 3   0.53E+02  0.43E+00  0.18E+02  0.12E+06  0.37E+03
       V   4 3   0.13E+03  0.18E+01  0.46E+02  0.28E+06  0.88E+03
       V   4 4   0.31E+03  0.45E+01  0.13E+03  0.67E+06  0.21E+04
       V   5 5   0.68E+01  0.13E+01  0.17E+02  0.16E+04  0.17E+03
       V   6 5   0.29E+02  0.54E+01  0.79E+02  0.66E+04  0.64E+03
       V   6 6   0.11E+03  0.18E+02  0.34E+03  0.28E+05  0.24E+04
       Si  1 1   0.12E+04 -0.54E-01  0.93E+01  0.18E+09  0.37E+03
       Si  2 1   0.17E+04  0.68E-01  0.12E+02  0.26E+09  0.52E+03
       Si  2 2   0.24E+04  0.31E+00  0.19E+02  0.37E+09  0.74E+03
       Si  3 3   0.18E+02  0.34E+00  0.10E+02  0.13E+05  0.11E+03
       Si  4 3   0.21E+02  0.27E+00  0.11E+02  0.15E+05  0.13E+03
       Si  4 4   0.23E+02  0.18E+00  0.12E+02  0.18E+05  0.14E+03
       Si  5 5   0.26E+00  0.79E-01  0.58E+00  0.29E+02  0.79E+01
       Si  6 5   0.27E+00  0.84E-01  0.62E+00  0.30E+02  0.81E+01
       Si  6 6   0.29E+00  0.89E-01  0.66E+00  0.31E+02  0.84E+01
       H   1 1   0.39E+02  0.19E+00  0.29E+00  0.78E+05  0.13E+02
       H   2 1   0.41E+02  0.21E+00  0.32E+00  0.82E+05  0.14E+02
       H   2 2   0.43E+02  0.22E+00  0.36E+00  0.86E+05  0.15E+02
     ------------------------------------------------------------
 
 
     smearing ngauss=  -1  degauss=  0.0050 Ry
     alpha_pv=     64.0903 eV
 
     Number of occupied bands for each k-point:
     k-point:     1    nbnd_occ=1188
     k-point:     2    nbnd_occ=1189
     k-point:     3    nbnd_occ=1191
     k-point:     4    nbnd_occ=1192
     k-point:     5    nbnd_occ=1190
     k-point:     6    nbnd_occ=1190
     k-point:     7    nbnd_occ=1191
     k-point:     8    nbnd_occ=1191
 
 
     q-space interpolation up to    66.00 Rydberg
 
     GIPAW job: efg                                                                             
 
 
     ELECTRIC FIELD GRADIENTS TENSORS IN Hartree/bohrradius^2:
 
     ----- bare term -----
     V    1       -0.055858       -0.000010        0.036225
     V    1       -0.000010        0.066919        0.000001
     V    1        0.036225        0.000001       -0.011061
 
     V    2       -0.032188        0.000004       -0.000030
     V    2        0.000004        0.011738       -0.000003
     V    2       -0.000030       -0.000003        0.020450
 
     V    3       -0.037496        0.000006       -0.006043
     V    3        0.000006        0.025633       -0.000003
     V    3       -0.006043       -0.000003        0.011864
 
     V    4       -0.037554       -0.000007        0.001158
     V    4       -0.000007        0.011136       -0.000010
     V    4        0.001158       -0.000010        0.026418
 
     V    5        0.066920       -0.000007       -0.000003
     V    5       -0.000007       -0.055872        0.036228
     V    5       -0.000003        0.036228       -0.011047
 
     V    6        0.015849        0.000779        0.000077
     V    6        0.000779       -0.030370        0.004940
     V    6        0.000077        0.004940        0.014521
 
     V    7        0.066908        0.000007       -0.000003
     V    7        0.000007       -0.055859       -0.036223
     V    7       -0.000003       -0.036223       -0.011049
 
     V    8        0.015868       -0.000780        0.000083
     V    8       -0.000780       -0.030411       -0.004936
     V    8        0.000083       -0.004936        0.014542
 
     V    9        0.021050       -0.005610        0.004728
     V    9       -0.005610        0.021027        0.004737
     V    9        0.004728        0.004737       -0.042077
 
     V   10        0.003614       -0.001292       -0.001122
     V   10       -0.001292        0.022242       -0.000505
     V   10       -0.001122       -0.000505       -0.025856
 
     V   11        0.003610        0.001298       -0.001125
     V   11        0.001298        0.022218        0.000483
     V   11       -0.001125        0.000483       -0.025828
 
     V   12        0.021039        0.005613        0.004727
     V   12        0.005613        0.021048       -0.004721
     V   12        0.004727       -0.004721       -0.042087
 
     V   13        0.025635        0.000007        0.000001
     V   13        0.000007       -0.037493       -0.006044
     V   13        0.000001       -0.006044        0.011858
 
     V   14        0.011141       -0.000007        0.000004
     V   14       -0.000007       -0.037581        0.001157
     V   14        0.000004        0.001157        0.026440
 
     V   15        0.011743        0.000010        0.000002
     V   15        0.000010       -0.032184       -0.000032
     V   15        0.000002       -0.000032        0.020441
 
     V   16       -0.030392        0.000771        0.004942
     V   16        0.000771        0.015835        0.000073
     V   16        0.004942        0.000073        0.014557
 
     V   17       -0.030356       -0.000770       -0.004943
     V   17       -0.000770        0.015838        0.000071
     V   17       -0.004943        0.000071        0.014518
 
     V   18       -0.055875        0.000010       -0.036225
     V   18        0.000010        0.066909        0.000001
     V   18       -0.036225        0.000001       -0.011034
 
     V   19        0.021041        0.005609       -0.004732
     V   19        0.005609        0.021031        0.004738
     V   19       -0.004732        0.004738       -0.042072
 
     V   20        0.022241        0.001298        0.000494
     V   20        0.001298        0.003598       -0.001134
     V   20        0.000494       -0.001134       -0.025840
 
     V   21        0.022233       -0.001300       -0.000488
     V   21       -0.001300        0.003597       -0.001136
     V   21       -0.000488       -0.001136       -0.025830
 
     V   22       -0.028916       -0.000004        0.003128
     V   22       -0.000004        0.014438       -0.000003
     V   22        0.003128       -0.000003        0.014479
 
     V   23       -0.031133        0.000003       -0.002095
     V   23        0.000003        0.015051       -0.000003
     V   23       -0.002095       -0.000003        0.016082
 
     V   24        0.015856        0.000760       -0.000080
     V   24        0.000760       -0.030401       -0.004938
     V   24       -0.000080       -0.004938        0.014545
 
     V   25        0.015837       -0.000759       -0.000074
     V   25       -0.000759       -0.030361        0.004942
     V   25       -0.000074        0.004942        0.014524
 
     V   26        0.013573        0.000000        0.001427
     V   26        0.000000        0.019207       -0.000001
     V   26        0.001427       -0.000001       -0.032781
 
     V   27        0.006457        0.000000       -0.001674
     V   27        0.000000        0.019142       -0.000007
     V   27       -0.001674       -0.000007       -0.025599
 
     V   28        0.015052        0.000009        0.000002
     V   28        0.000009       -0.031126       -0.002100
     V   28        0.000002       -0.002100        0.016073
 
     V   29        0.014446       -0.000009        0.000001
     V   29       -0.000009       -0.028946        0.003129
     V   29        0.000001        0.003129        0.014500
 
     V   30       -0.030415       -0.000769        0.004936
     V   30       -0.000769        0.015867       -0.000086
     V   30        0.004936       -0.000086        0.014548
 
     V   31       -0.030379        0.000768       -0.004936
     V   31        0.000768        0.015870       -0.000084
     V   31       -0.004936       -0.000084        0.014510
 
     V   32        0.019219       -0.000000        0.000001
     V   32       -0.000000        0.013553        0.001438
     V   32        0.000001        0.001438       -0.032772
 
     V   33        0.019149       -0.000000        0.000002
     V   33       -0.000000        0.006439       -0.001679
     V   33        0.000002       -0.001679       -0.025588
 
     V   34       -0.032386        0.002035       -0.000637
     V   34        0.002035        0.014465        0.000751
     V   34       -0.000637        0.000751        0.017920
 
     V   35       -0.030983        0.002010        0.001899
     V   35        0.002010        0.017380        0.001022
     V   35        0.001899        0.001022        0.013603
 
     V   36       -0.030646        0.002195        0.001407
     V   36        0.002195        0.012386       -0.000533
     V   36        0.001407       -0.000533        0.018259
 
     V   37       -0.032371       -0.002037       -0.000642
     V   37       -0.002037        0.014438       -0.000749
     V   37       -0.000642       -0.000749        0.017933
 
     V   38       -0.030662       -0.002195        0.001406
     V   38       -0.002195        0.012416        0.000528
     V   38        0.001406        0.000528        0.018246
 
     V   39       -0.030971       -0.002012        0.001899
     V   39       -0.002012        0.017355       -0.001029
     V   39        0.001899       -0.001029        0.013616
 
     V   40        0.014680       -0.000170       -0.000415
     V   40       -0.000170       -0.029942       -0.002580
     V   40       -0.000415       -0.002580        0.015262
 
     V   41        0.014430        0.000009        0.000001
     V   41        0.000009       -0.028923       -0.003128
     V   41        0.000001       -0.003128        0.014492
 
     V   42        0.012408        0.002189       -0.000527
     V   42        0.002189       -0.030688        0.001406
     V   42       -0.000527        0.001406        0.018280
 
     V   43        0.012402       -0.002182       -0.000530
     V   43       -0.002182       -0.030663       -0.001409
     V   43       -0.000530       -0.001409        0.018261
 
     V   44        0.014692        0.000179       -0.000411
     V   44        0.000179       -0.029969        0.002588
     V   44       -0.000411        0.002588        0.015278
 
     V   45        0.011132        0.000007        0.000004
     V   45        0.000007       -0.037564       -0.001159
     V   45        0.000004       -0.001159        0.026432
 
     V   46        0.014289        0.000002       -0.000001
     V   46        0.000002        0.015993       -0.002264
     V   46       -0.000001       -0.002264       -0.030282
 
     V   47        0.014296       -0.000002       -0.000001
     V   47       -0.000002        0.015972        0.002252
     V   47       -0.000001        0.002252       -0.030268
 
     V   48        0.021031       -0.005612       -0.004731
     V   48       -0.005612        0.021051       -0.004722
     V   48       -0.004731       -0.004722       -0.042082
 
     V   49        0.003606        0.001294        0.001127
     V   49        0.001294        0.022247       -0.000504
     V   49        0.001127       -0.000504       -0.025853
 
     V   50        0.019203        0.000000        0.000001
     V   50        0.000000        0.013582       -0.001421
     V   50        0.000001       -0.001421       -0.032785
 
     V   51        0.003603       -0.001299        0.001129
     V   51       -0.001299        0.022223        0.000482
     V   51        0.001129        0.000482       -0.025826
 
     V   52        0.017359        0.002023        0.001029
     V   52        0.002023       -0.030959        0.001900
     V   52        0.001029        0.001900        0.013599
 
     V   53        0.014449        0.002049        0.000753
     V   53        0.002049       -0.032365       -0.000646
     V   53        0.000753       -0.000646        0.017915
 
     V   54        0.012398       -0.002211        0.000529
     V   54       -0.002211       -0.030682        0.001405
     V   54        0.000529        0.001405        0.018283
 
     V   55        0.017368       -0.002000       -0.001027
     V   55       -0.002000       -0.030964        0.001900
     V   55       -0.001027        0.001900        0.013595
 
     V   56        0.014458       -0.002027       -0.000753
     V   56       -0.002027       -0.032370       -0.000644
     V   56       -0.000753       -0.000644        0.017911
 
     V   57       -0.030682       -0.002198       -0.001406
     V   57       -0.002198        0.012384       -0.000532
     V   57       -0.001406       -0.000532        0.018298
 
     V   58       -0.029929        0.000183        0.002584
     V   58        0.000183        0.014668       -0.000422
     V   58        0.002584       -0.000422        0.015261
 
     V   59       -0.037591        0.000007       -0.001157
     V   59        0.000007        0.011137       -0.000010
     V   59       -0.001157       -0.000010        0.026454
 
     V   60       -0.029965       -0.000186       -0.002587
     V   60       -0.000186        0.014667       -0.000421
     V   60       -0.002587       -0.000421        0.015298
 
     V   61       -0.028952        0.000004       -0.003128
     V   61        0.000004        0.014438       -0.000003
     V   61       -0.003128       -0.000003        0.014514
 
     V   62        0.013564       -0.000000       -0.001432
     V   62       -0.000000        0.019213       -0.000001
     V   62       -0.001432       -0.000001       -0.032776
 
     V   63        0.022229       -0.001292        0.000499
     V   63       -0.001292        0.003621        0.001116
     V   63        0.000499        0.001116       -0.025850
 
     V   64        0.022221        0.001294       -0.000492
     V   64        0.001294        0.003620        0.001118
     V   64       -0.000492        0.001118       -0.025841
 
     V   65        0.015985        0.000007        0.002260
     V   65        0.000007        0.014292        0.000002
     V   65        0.002260        0.000002       -0.030278
 
     V   66        0.015976       -0.000007       -0.002256
     V   66       -0.000007        0.014295        0.000002
     V   66       -0.002256        0.000002       -0.030271
 
     V   67       -0.029676       -0.000066       -0.001549
     V   67       -0.000066        0.013844        0.000089
     V   67       -0.001549        0.000089        0.015832
 
     V   68       -0.029661        0.000061       -0.001543
     V   68        0.000061        0.013815       -0.000086
     V   68       -0.001543       -0.000086        0.015845
 
     V   69       -0.029941       -0.000185        0.002581
     V   69       -0.000185        0.014695        0.000409
     V   69        0.002581        0.000409        0.015247
 
     V   70        0.014670        0.000192        0.000419
     V   70        0.000192       -0.029937       -0.002582
     V   70        0.000419       -0.002582        0.015267
 
     V   71        0.012392        0.002204        0.000533
     V   71        0.002204       -0.030657       -0.001409
     V   71        0.000533       -0.001409        0.018265
 
     V   72        0.014682       -0.000200        0.000415
     V   72       -0.000200       -0.029964        0.002589
     V   72        0.000415        0.002589        0.015282
 
     V   73        0.010904       -0.000000       -0.000001
     V   73       -0.000000        0.018699       -0.000005
     V   73       -0.000001       -0.000005       -0.029603
 
     V   74        0.006447       -0.000000        0.001676
     V   74       -0.000000        0.019146       -0.000007
     V   74        0.001676       -0.000007       -0.025592
 
     V   75        0.016502        0.000000       -0.000001
     V   75        0.000000        0.016501        0.000005
     V   75       -0.000001        0.000005       -0.033002
 
     V   76        0.013822       -0.000050        0.000090
     V   76       -0.000050       -0.029647       -0.001545
     V   76        0.000090       -0.001545        0.015825
 
     V   77        0.013832        0.000074       -0.000091
     V   77        0.000074       -0.029653       -0.001546
     V   77       -0.000091       -0.001546        0.015821
 
     V   78       -0.030699        0.002197       -0.001406
     V   78        0.002197        0.012413        0.000526
     V   78       -0.001406        0.000526        0.018285
 
     V   79       -0.029977        0.000188       -0.002584
     V   79        0.000188        0.014693        0.000408
     V   79       -0.002584        0.000408        0.015284
 
     V   80        0.019136        0.000001        0.000002
     V   80        0.000001        0.006467        0.001672
     V   80        0.000002        0.001672       -0.025603
 
     V   81        0.018698        0.000000        0.000002
     V   81        0.000000        0.010905        0.000000
     V   81        0.000002        0.000000       -0.029603
 
     V   82       -0.037480       -0.000006        0.006042
     V   82       -0.000006        0.025640       -0.000003
     V   82        0.006042       -0.000003        0.011840
 
     V   83       -0.027303        0.000004       -0.003262
     V   83        0.000004        0.009945        0.000011
     V   83       -0.003262        0.000011        0.017358
 
     V   84       -0.034614        0.000006        0.002367
     V   84        0.000006        0.020484       -0.000001
     V   84        0.002367       -0.000001        0.014130
 
     V   85       -0.032163       -0.000004        0.000031
     V   85       -0.000004        0.011743       -0.000003
     V   85        0.000031       -0.000003        0.020420
 
     V   86        0.020498       -0.000009       -0.000000
     V   86       -0.000009       -0.034616       -0.002368
     V   86       -0.000000       -0.002368        0.014118
 
     V   87        0.017542       -0.002110        0.000290
     V   87       -0.002110       -0.029632        0.001630
     V   87        0.000290        0.001630        0.012091
 
     V   88        0.020468        0.000009       -0.000000
     V   88        0.000009       -0.034577        0.002361
     V   88       -0.000000        0.002361        0.014109
 
     V   89        0.017575        0.002111        0.000298
     V   89        0.002111       -0.029674       -0.001636
     V   89        0.000298       -0.001636        0.012099
 
     V   90        0.018465       -0.000489       -0.002653
     V   90       -0.000489        0.008500       -0.003576
     V   90       -0.002653       -0.003576       -0.026966
 
     V   91        0.016666       -0.000695        0.000660
     V   91       -0.000695        0.016678       -0.000669
     V   91        0.000660       -0.000669       -0.033344
 
     V   92        0.016678        0.000709        0.000667
     V   92        0.000709        0.016654        0.000650
     V   92        0.000667        0.000650       -0.033331
 
     V   93        0.018461        0.000493       -0.002658
     V   93        0.000493        0.008527        0.003587
     V   93       -0.002658        0.003587       -0.026988
 
     V   94        0.011738       -0.000010        0.000002
     V   94       -0.000010       -0.032167        0.000030
     V   94        0.000002        0.000030        0.020429
 
     V   95        0.025638       -0.000007        0.000001
     V   95       -0.000007       -0.037484        0.006042
     V   95        0.000001        0.006042        0.011846
 
     V   96        0.009929        0.000009       -0.000003
     V   96        0.000009       -0.027269       -0.003262
     V   96       -0.000003       -0.003262        0.017340
 
     V   97       -0.029660       -0.002125        0.001635
     V   97       -0.002125        0.017542        0.000301
     V   97        0.001635        0.000301        0.012118
 
     V   98       -0.034580       -0.000006       -0.002364
     V   98       -0.000006        0.020482       -0.000001
     V   98       -0.002364       -0.000001        0.014098
 
     V   99       -0.029623        0.002125       -0.001633
     V   99        0.002125        0.017538        0.000298
     V   99       -0.001633        0.000298        0.012085
 
     V  100        0.008518        0.000491        0.003585
     V  100        0.000491        0.018449       -0.002645
     V  100        0.003585       -0.002645       -0.026967
 
     V  101        0.016668       -0.000713       -0.000661
     V  101       -0.000713        0.016658        0.000652
     V  101       -0.000661        0.000652       -0.033326
 
     V  102        0.008528       -0.000492       -0.003588
     V  102       -0.000492        0.018448       -0.002646
     V  102       -0.003588       -0.002646       -0.026976
 
     V  103       -0.031109       -0.000003        0.002097
     V  103       -0.000003        0.015055       -0.000003
     V  103        0.002097       -0.000003        0.016054
 
     V  104       -0.031708        0.000000       -0.000127
     V  104        0.000000        0.014478        0.000004
     V  104       -0.000127        0.000004        0.017230
 
     V  105        0.017566       -0.002135       -0.000302
     V  105       -0.002135       -0.029668       -0.001636
     V  105       -0.000302       -0.001636        0.012103
 
     V  106        0.017532        0.002133       -0.000294
     V  106        0.002133       -0.029626        0.001630
     V  106       -0.000294        0.001630        0.012094
 
     V  107        0.016589       -0.000002       -0.000517
     V  107       -0.000002        0.014742        0.000001
     V  107       -0.000517        0.000001       -0.031331
 
     V  108        0.015070       -0.000000       -0.000769
     V  108       -0.000000        0.016818       -0.000002
     V  108       -0.000769       -0.000002       -0.031888
 
     V  109        0.014463        0.000011       -0.000001
     V  109        0.000011       -0.031673       -0.000126
     V  109       -0.000001       -0.000126        0.017211
 
     V  110        0.015054       -0.000009        0.000002
     V  110       -0.000009       -0.031117        0.002093
     V  110        0.000002        0.002093        0.016063
 
     V  111       -0.029677        0.002120        0.001634
     V  111        0.002120        0.017569       -0.000293
     V  111        0.001634       -0.000293        0.012108
 
     V  112       -0.029640       -0.002119       -0.001632
     V  112       -0.002119        0.017565       -0.000290
     V  112       -0.001632       -0.000290        0.012075
 
     V  113        0.014753        0.000001       -0.000000
     V  113        0.000001        0.016571       -0.000506
     V  113       -0.000000       -0.000506       -0.031323
 
     V  114        0.016820        0.000000        0.000000
     V  114        0.000000        0.015056       -0.000774
     V  114        0.000000       -0.000774       -0.031876
 
     V  115       -0.030947        0.002012       -0.001900
     V  115        0.002012        0.017359       -0.001031
     V  115       -0.001900       -0.001031        0.013588
 
     V  116       -0.029656        0.000134       -0.000583
     V  116        0.000134        0.013789        0.000450
     V  116       -0.000583        0.000450        0.015867
 
     V  117       -0.032345        0.002038        0.000645
     V  117        0.002038        0.014442       -0.000750
     V  117        0.000645       -0.000750        0.017903
 
     V  118       -0.029644       -0.000132       -0.000581
     V  118       -0.000132        0.013766       -0.000435
     V  118       -0.000581       -0.000435        0.015878
 
     V  119       -0.030959       -0.002010       -0.001900
     V  119       -0.002010        0.017384        0.001024
     V  119       -0.001900        0.001024        0.013576
 
     V  120       -0.032360       -0.002036        0.000640
     V  120       -0.002036        0.014470        0.000752
     V  120        0.000640        0.000752        0.017890
 
     V  121        0.009955       -0.000009       -0.000003
     V  121       -0.000009       -0.027297        0.003263
     V  121       -0.000003        0.003263        0.017342
 
     V  122        0.014920       -0.000557       -0.000139
     V  122       -0.000557       -0.030909       -0.000557
     V  122       -0.000139       -0.000557        0.015989
 
     V  123        0.013793        0.000122       -0.000444
     V  123        0.000122       -0.029649        0.000587
     V  123       -0.000444        0.000587        0.015856
 
     V  124        0.013763       -0.000123       -0.000448
     V  124       -0.000123       -0.029615       -0.000573
     V  124       -0.000448       -0.000573        0.015852
 
     V  125        0.014489       -0.000011       -0.000001
     V  125       -0.000011       -0.031704        0.000128
     V  125       -0.000001        0.000128        0.017215
 
     V  126        0.014945        0.000552       -0.000134
     V  126        0.000552       -0.030941        0.000558
     V  126       -0.000134        0.000558        0.015996
 
     V  127        0.018458        0.000489        0.002648
     V  127        0.000489        0.008505       -0.003579
     V  127        0.002648       -0.003579       -0.026962
 
     V  128        0.016815       -0.000000       -0.000000
     V  128       -0.000000        0.015078        0.000766
     V  128       -0.000000        0.000766       -0.031893
 
     V  129        0.018453       -0.000493        0.002654
     V  129       -0.000493        0.008532        0.003590
     V  129        0.002654        0.003590       -0.026985
 
     V  130        0.016657        0.000699       -0.000654
     V  130        0.000699        0.016683       -0.000671
     V  130       -0.000654       -0.000671       -0.033340
 
     V  131        0.018306        0.000001       -0.000001
     V  131        0.000001        0.008327       -0.001173
     V  131       -0.000001       -0.001173       -0.026633
 
     V  132        0.018299       -0.000001       -0.000001
     V  132       -0.000001        0.008346        0.001177
     V  132       -0.000001        0.001177       -0.026645
 
     V  133        0.014459        0.002024       -0.000748
     V  133        0.002024       -0.032366        0.000637
     V  133       -0.000748        0.000637        0.017907
 
     V  134        0.017379        0.001999       -0.001024
     V  134        0.001999       -0.030971       -0.001897
     V  134       -0.001024       -0.001897        0.013591
 
     V  135        0.013754        0.000144        0.000443
     V  135        0.000144       -0.029610       -0.000572
     V  135        0.000443       -0.000572        0.015855
 
     V  136        0.014450       -0.002046        0.000748
     V  136       -0.002046       -0.032361        0.000639
     V  136        0.000748        0.000639        0.017912
 
     V  137        0.017370       -0.002022        0.001026
     V  137       -0.002022       -0.030966       -0.001897
     V  137        0.001026       -0.001897        0.013595
 
     V  138       -0.031670       -0.000000        0.000126
     V  138       -0.000000        0.014473        0.000004
     V  138        0.000126        0.000004        0.017196
 
     V  139       -0.030899        0.000568        0.000556
     V  139        0.000568        0.014916       -0.000124
     V  139        0.000556       -0.000124        0.015983
 
     V  140       -0.027263       -0.000004        0.003261
     V  140       -0.000004        0.009938        0.000011
     V  140        0.003261        0.000011        0.017325
 
     V  141       -0.030936       -0.000566       -0.000556
     V  141       -0.000566        0.014920       -0.000122
     V  141       -0.000556       -0.000122        0.016017
 
     V  142       -0.029604        0.000132        0.000576
     V  142        0.000132        0.013759       -0.000437
     V  142        0.000576       -0.000437        0.015845
 
     V  143        0.008334        0.000003        0.001175
     V  143        0.000003        0.018303        0.000003
     V  143        0.001175        0.000003       -0.026636
 
     V  144        0.008341       -0.000003       -0.001176
     V  144       -0.000003        0.018300        0.000003
     V  144       -0.001176        0.000003       -0.026641
 
     V  145        0.008506       -0.000490        0.003578
     V  145       -0.000490        0.018469        0.002661
     V  145        0.003578        0.002661       -0.026975
 
     V  146        0.008517        0.000491       -0.003582
     V  146        0.000491        0.018468        0.002662
     V  146       -0.003582        0.002662       -0.026984
 
     V  147        0.015061        0.000000        0.000771
     V  147        0.000000        0.016820       -0.000002
     V  147        0.000771       -0.000002       -0.031882
 
     V  148       -0.029632       -0.000060        0.001543
     V  148       -0.000060        0.013818       -0.000087
     V  148        0.001543       -0.000087        0.015815
 
     V  149       -0.030947        0.000564       -0.000558
     V  149        0.000564        0.014941        0.000142
     V  149       -0.000558        0.000142        0.016006
 
     V  150       -0.029648        0.000065        0.001548
     V  150        0.000065        0.013847        0.000091
     V  150        0.001548        0.000091        0.015801
 
     V  151        0.013785       -0.000144        0.000439
     V  151       -0.000144       -0.029644        0.000587
     V  151        0.000439        0.000587        0.015860
 
     V  152        0.014912        0.000579        0.000132
     V  152        0.000579       -0.030905       -0.000557
     V  152        0.000132       -0.000557        0.015993
 
     V  153        0.014937       -0.000575        0.000127
     V  153       -0.000575       -0.030937        0.000557
     V  153        0.000127        0.000557        0.016000
 
     V  154        0.016579        0.000002        0.000512
     V  154        0.000002        0.014748        0.000001
     V  154        0.000512        0.000001       -0.031327
 
     V  155        0.014537       -0.000000       -0.000001
     V  155       -0.000000        0.014538       -0.000000
     V  155       -0.000001       -0.000000       -0.029076
 
     V  156        0.016214       -0.000000       -0.000001
     V  156       -0.000000        0.011732        0.000008
     V  156       -0.000001        0.000008       -0.027946
 
     V  157        0.013840       -0.000076       -0.000087
     V  157       -0.000076       -0.029661        0.001548
     V  157       -0.000087        0.001548        0.015820
 
     V  158        0.013830        0.000052        0.000086
     V  158        0.000052       -0.029655        0.001546
     V  158        0.000086        0.001546        0.015825
 
     V  159       -0.030909       -0.000566        0.000558
     V  159       -0.000566        0.014937        0.000143
     V  159        0.000558        0.000143        0.015972
 
     V  160       -0.029615       -0.000134        0.000578
     V  160       -0.000134        0.013782        0.000452
     V  160        0.000578        0.000452        0.015834
 
     V  161        0.011733       -0.000000       -0.000002
     V  161       -0.000000        0.016213        0.000003
     V  161       -0.000002        0.000003       -0.027946
 
     V  162        0.014739       -0.000001        0.000000
     V  162       -0.000001        0.016596        0.000523
     V  162        0.000000        0.000523       -0.031334
 
     Si 163        0.017722       -0.000001        0.015268
     Si 163       -0.000001       -0.015946        0.000011
     Si 163        0.015268        0.000011       -0.001776
 
     Si 164       -0.015935        0.000001       -0.000004
     Si 164        0.000001        0.017710        0.015273
     Si 164       -0.000004        0.015273       -0.001775
 
     Si 165        0.002553       -0.000002        0.011341
     Si 165       -0.000002        0.015877        0.000003
     Si 165        0.011341        0.000003       -0.018430
 
     Si 166       -0.003649        0.000002        0.002059
     Si 166        0.000002       -0.002116        0.000005
     Si 166        0.002059        0.000005        0.005765
 
     Si 167        0.017714        0.000001       -0.015269
     Si 167        0.000001       -0.015939        0.000011
     Si 167       -0.015269        0.000011       -0.001775
 
     Si 168        0.010988        0.000000       -0.000001
     Si 168        0.000000       -0.009811       -0.000001
     Si 168       -0.000001       -0.000001       -0.001177
 
     Si 169        0.008265       -0.000038        0.002454
     Si 169       -0.000038       -0.004222        0.001643
     Si 169        0.002454        0.001643       -0.004042
 
     Si 170        0.008255        0.000039        0.002455
     Si 170        0.000039       -0.004198       -0.001632
     Si 170        0.002455       -0.001632       -0.004057
 
     Si 171        0.015882        0.000001       -0.000001
     Si 171        0.000001        0.002540        0.011349
     Si 171       -0.000001        0.011349       -0.018423
 
     Si 172       -0.002109       -0.000001       -0.000002
     Si 172       -0.000001       -0.003664        0.002067
     Si 172       -0.000002        0.002067        0.005773
 
     Si 173       -0.009811       -0.000000        0.000000
     Si 173       -0.000000        0.010988        0.000005
     Si 173        0.000000        0.000005       -0.001177
 
     Si 174       -0.015950       -0.000001       -0.000004
     Si 174       -0.000001        0.017726       -0.015265
     Si 174       -0.000004       -0.015265       -0.001776
 
     Si 175       -0.004206        0.000039       -0.001641
     Si 175        0.000039        0.008249        0.002452
     Si 175       -0.001641        0.002452       -0.004043
 
     Si 176       -0.004197       -0.000039        0.001638
     Si 176       -0.000039        0.008246        0.002452
     Si 176        0.001638        0.002452       -0.004049
 
     Si 177       -0.002848       -0.001371        0.000175
     Si 177       -0.001371        0.010807        0.003710
     Si 177        0.000175        0.003710       -0.007959
 
     Si 178       -0.000143        0.000253       -0.001360
     Si 178        0.000253       -0.001161        0.001613
     Si 178       -0.001360        0.001613        0.001304
 
     Si 179       -0.002857        0.001370        0.000169
     Si 179        0.001370        0.010827       -0.003697
     Si 179        0.000169       -0.003697       -0.007970
 
     Si 180       -0.000139       -0.000258       -0.001363
     Si 180       -0.000258       -0.001180       -0.001602
     Si 180       -0.001363       -0.001602        0.001319
 
     Si 181        0.002546        0.000002       -0.011345
     Si 181        0.000002        0.015880        0.000003
     Si 181       -0.011345        0.000003       -0.018426
 
     Si 182        0.001414        0.000000       -0.000002
     Si 182        0.000000       -0.005150       -0.000007
     Si 182       -0.000002       -0.000007        0.003736
 
     Si 183       -0.003657       -0.000002       -0.002063
     Si 183       -0.000002       -0.002113        0.000005
     Si 183       -0.002063        0.000005        0.005770
 
     Si 184       -0.001581        0.000000       -0.000002
     Si 184        0.000000        0.002020       -0.000008
     Si 184       -0.000002       -0.000008       -0.000439
 
     Si 185        0.008258        0.000038       -0.002453
     Si 185        0.000038       -0.004217        0.001644
     Si 185       -0.002453        0.001644       -0.004041
 
     Si 186        0.007647       -0.000000        0.000002
     Si 186       -0.000000       -0.005414       -0.000606
     Si 186        0.000002       -0.000606       -0.002232
 
     Si 187        0.007662        0.000000        0.000002
     Si 187        0.000000       -0.005438        0.000590
     Si 187        0.000002        0.000590       -0.002224
 
     Si 188        0.008248       -0.000039       -0.002454
     Si 188       -0.000039       -0.004193       -0.001633
     Si 188       -0.002454       -0.001633       -0.004055
 
     Si 189        0.010818        0.001369       -0.003703
     Si 189        0.001369       -0.002863        0.000168
     Si 189       -0.003703        0.000168       -0.007955
 
     Si 190       -0.001162       -0.000254       -0.001609
     Si 190       -0.000254       -0.000152       -0.001371
     Si 190       -0.001609       -0.001371        0.001314
 
     Si 191        0.010825       -0.001369        0.003699
     Si 191       -0.001369       -0.002866        0.000166
     Si 191        0.003699        0.000166       -0.007959
 
     Si 192       -0.001169        0.000256        0.001605
     Si 192        0.000256       -0.000151       -0.001372
     Si 192        0.001605       -0.001372        0.001320
 
     Si 193        0.002020        0.000000        0.000003
     Si 193        0.000000       -0.001581        0.000003
     Si 193        0.000003        0.000003       -0.000439
 
     Si 194       -0.002119        0.000001       -0.000001
     Si 194        0.000001       -0.003642       -0.002056
     Si 194       -0.000001       -0.002056        0.005761
 
     Si 195       -0.005150        0.000000        0.000002
     Si 195        0.000000        0.001414        0.000004
     Si 195        0.000002        0.000004        0.003736
 
     Si 196        0.015875       -0.000001       -0.000001
     Si 196       -0.000001        0.002559       -0.011337
     Si 196       -0.000001       -0.011337       -0.018433
 
     Si 197       -0.005430        0.000001       -0.000595
     Si 197        0.000001        0.007657       -0.000005
     Si 197       -0.000595       -0.000005       -0.002227
 
     Si 198       -0.004209        0.000039        0.001634
     Si 198        0.000039        0.008263       -0.002455
     Si 198        0.001634       -0.002455       -0.004054
 
     Si 199       -0.004218       -0.000038       -0.001638
     Si 199       -0.000038        0.008266       -0.002455
     Si 199       -0.001638       -0.002455       -0.004048
 
     Si 200       -0.005421       -0.000001        0.000601
     Si 200       -0.000001        0.007651       -0.000005
     Si 200        0.000601       -0.000005       -0.002230
 
     Si 201       -0.002855        0.001370       -0.000173
     Si 201        0.001370        0.010809        0.003708
     Si 201       -0.000173        0.003708       -0.007954
 
     Si 202        0.002077       -0.000000        0.000001
     Si 202       -0.000000       -0.003626        0.000392
     Si 202        0.000001        0.000392        0.001549
 
     Si 203        0.000912       -0.000000        0.000003
     Si 203       -0.000000        0.001788       -0.000166
     Si 203        0.000003       -0.000166       -0.002699
 
     Si 204       -0.000144        0.000258        0.001368
     Si 204        0.000258       -0.001177       -0.001602
     Si 204        0.001368       -0.001602        0.001322
 
     Si 205        0.002082        0.000000        0.000001
     Si 205        0.000000       -0.003640       -0.000408
     Si 205        0.000001       -0.000408        0.001557
 
     Si 206       -0.002864       -0.001369       -0.000167
     Si 206       -0.001369        0.010830       -0.003696
     Si 206       -0.000167       -0.003696       -0.007966
 
     Si 207       -0.000149       -0.000253        0.001365
     Si 207       -0.000253       -0.001158        0.001612
     Si 207        0.001365        0.001612        0.001307
 
     Si 208        0.000923        0.000000        0.000003
     Si 208        0.000000        0.001771        0.000156
     Si 208        0.000003        0.000156       -0.002694
 
     Si 209        0.001776        0.000000       -0.000159
     Si 209        0.000000        0.000920       -0.000009
     Si 209       -0.000159       -0.000009       -0.002696
 
     Si 210       -0.001169        0.000255       -0.001610
     Si 210        0.000255       -0.000137        0.001357
     Si 210       -0.001610        0.001357        0.001307
 
     Si 211        0.010818        0.001371        0.003703
     Si 211        0.001371       -0.002849       -0.000174
     Si 211        0.003703       -0.000174       -0.007970
 
     Si 212       -0.003636        0.000001        0.000402
     Si 212        0.000001        0.002081       -0.000003
     Si 212        0.000402       -0.000003        0.001555
 
     Si 213       -0.001177       -0.000257        0.001606
     Si 213       -0.000257       -0.000136        0.001358
     Si 213        0.001606        0.001358        0.001312
 
     Si 214        0.001782       -0.000000        0.000162
     Si 214       -0.000000        0.000916       -0.000009
     Si 214        0.000162       -0.000009       -0.002698
 
     Si 215       -0.003630       -0.000001       -0.000397
     Si 215       -0.000001        0.002078       -0.000003
     Si 215       -0.000397       -0.000003        0.001552
 
     Si 216        0.010811       -0.001372       -0.003707
     Si 216       -0.001372       -0.002846       -0.000176
     Si 216       -0.003707       -0.000176       -0.007965
 
     H  217        0.266224        0.000000       -0.000003
     H  217        0.000000        0.266235        0.000011
     H  217       -0.000003        0.000011       -0.532459
 
     ----- ionic term -----
     V    1        0.244230        0.000001       -0.007315
     V    1        0.000001       -0.126315        0.000001
     V    1       -0.007315        0.000001       -0.117915
 
     V    2        0.246542        0.000000        0.001007
     V    2        0.000000       -0.124906        0.000001
     V    2        0.001007        0.000001       -0.121636
 
     V    3        0.261877        0.000000        0.010323
     V    3        0.000000       -0.127693        0.000001
     V    3        0.010323        0.000001       -0.134184
 
     V    4        0.253413       -0.000000        0.002421
     V    4       -0.000000       -0.126006        0.000002
     V    4        0.002421        0.000002       -0.127407
 
     V    5       -0.126315       -0.000000       -0.000000
     V    5       -0.000000        0.244229       -0.007317
     V    5       -0.000000       -0.007317       -0.117914
 
     V    6       -0.121829        0.000076        0.001684
     V    6        0.000076        0.246314       -0.005373
     V    6        0.001684       -0.005373       -0.124485
 
     V    7       -0.126314        0.000000       -0.000000
     V    7        0.000000        0.244230        0.007315
     V    7       -0.000000        0.007315       -0.117916
 
     V    8       -0.121830       -0.000076        0.001683
     V    8       -0.000076        0.246315        0.005372
     V    8        0.001683        0.005372       -0.124486
 
     V    9       -0.129563        0.003348       -0.003952
     V    9        0.003348       -0.129560       -0.003951
     V    9       -0.003952       -0.003951        0.259123
 
     V   10       -0.107368        0.003152        0.002565
     V   10        0.003152       -0.132252        0.000030
     V   10        0.002565        0.000030        0.239620
 
     V   11       -0.107367       -0.003153        0.002565
     V   11       -0.003153       -0.132251       -0.000029
     V   11        0.002565       -0.000029        0.239618
 
     V   12       -0.129563       -0.003349       -0.003952
     V   12       -0.003349       -0.129560        0.003953
     V   12       -0.003952        0.003953        0.259123
 
     V   13       -0.127692       -0.000000       -0.000000
     V   13       -0.000000        0.261877        0.010324
     V   13       -0.000000        0.010324       -0.134184
 
     V   14       -0.126005        0.000000       -0.000000
     V   14        0.000000        0.253412        0.002421
     V   14       -0.000000        0.002421       -0.127407
 
     V   15       -0.124907       -0.000000       -0.000000
     V   15       -0.000000        0.246543        0.001008
     V   15       -0.000000        0.001008       -0.121637
 
     V   16        0.246314        0.000075       -0.005374
     V   16        0.000075       -0.121829        0.001685
     V   16       -0.005374        0.001685       -0.124485
 
     V   17        0.246314       -0.000075        0.005374
     V   17       -0.000075       -0.121829        0.001685
     V   17        0.005374        0.001685       -0.124485
 
     V   18        0.244230       -0.000001        0.007316
     V   18       -0.000001       -0.126315        0.000001
     V   18        0.007316        0.000001       -0.117915
 
     V   19       -0.129563       -0.003348        0.003952
     V   19       -0.003348       -0.129560       -0.003951
     V   19        0.003952       -0.003951        0.259124
 
     V   20       -0.132249       -0.003153       -0.000030
     V   20       -0.003153       -0.107370        0.002565
     V   20       -0.000030        0.002565        0.239619
 
     V   21       -0.132249        0.003154        0.000029
     V   21        0.003154       -0.107370        0.002565
     V   21        0.000029        0.002565        0.239618
 
     V   22        0.242377        0.000000       -0.002208
     V   22        0.000000       -0.123156        0.000001
     V   22       -0.002208        0.000001       -0.119221
 
     V   23        0.248120        0.000000        0.000419
     V   23        0.000000       -0.123586        0.000000
     V   23        0.000419        0.000000       -0.124533
 
     V   24       -0.121829        0.000076       -0.001684
     V   24        0.000076        0.246315        0.005373
     V   24       -0.001684        0.005373       -0.124485
 
     V   25       -0.121829       -0.000076       -0.001685
     V   25       -0.000076        0.246314       -0.005373
     V   25       -0.001685       -0.005373       -0.124485
 
     V   26       -0.123702        0.000000       -0.001727
     V   26        0.000000       -0.124295        0.000001
     V   26       -0.001727        0.000001        0.247996
 
     V   27       -0.116127       -0.000000        0.001045
     V   27       -0.000000       -0.124680        0.000001
     V   27        0.001045        0.000001        0.240807
 
     V   28       -0.123587       -0.000000       -0.000000
     V   28       -0.000000        0.248120        0.000420
     V   28       -0.000000        0.000420       -0.124533
 
     V   29       -0.123156       -0.000000       -0.000000
     V   29       -0.000000        0.242375       -0.002209
     V   29       -0.000000       -0.002209       -0.119219
 
     V   30        0.246315       -0.000076       -0.005373
     V   30       -0.000076       -0.121830       -0.001682
     V   30       -0.005373       -0.001682       -0.124486
 
     V   31        0.246315        0.000076        0.005373
     V   31        0.000076       -0.121830       -0.001683
     V   31        0.005373       -0.001683       -0.124486
 
     V   32       -0.124297       -0.000000       -0.000000
     V   32       -0.000000       -0.123698       -0.001727
     V   32       -0.000000       -0.001727        0.247996
 
     V   33       -0.124677        0.000000       -0.000000
     V   33        0.000000       -0.116129        0.001044
     V   33       -0.000000        0.001044        0.240806
 
     V   34        0.250002       -0.002724        0.000810
     V   34       -0.002724       -0.123942       -0.000917
     V   34        0.000810       -0.000917       -0.126059
 
     V   35        0.248048       -0.001596       -0.001649
     V   35       -0.001596       -0.121732       -0.001503
     V   35       -0.001649       -0.001503       -0.126316
 
     V   36        0.245552       -0.002517       -0.001777
     V   36       -0.002517       -0.119443       -0.000590
     V   36       -0.001777       -0.000590       -0.126109
 
     V   37        0.250002        0.002724        0.000810
     V   37        0.002724       -0.123942        0.000916
     V   37        0.000810        0.000916       -0.126060
 
     V   38        0.245553        0.002517       -0.001777
     V   38        0.002517       -0.119444        0.000592
     V   38       -0.001777        0.000592       -0.126110
 
     V   39        0.248047        0.001595       -0.001648
     V   39        0.001595       -0.121732        0.001504
     V   39       -0.001648        0.001504       -0.126316
 
     V   40       -0.123293        0.000191        0.000296
     V   40        0.000191        0.246125        0.003019
     V   40        0.000296        0.003019       -0.122833
 
     V   41       -0.123156        0.000000       -0.000000
     V   41        0.000000        0.242377        0.002209
     V   41       -0.000000        0.002209       -0.119221
 
     V   42       -0.119444       -0.002517       -0.000592
     V   42       -0.002517        0.245553       -0.001778
     V   42       -0.000592       -0.001778       -0.126110
 
     V   43       -0.119444        0.002517       -0.000591
     V   43        0.002517        0.245553        0.001778
     V   43       -0.000591        0.001778       -0.126109
 
     V   44       -0.123292       -0.000192        0.000295
     V   44       -0.000192        0.246124       -0.003021
     V   44        0.000295       -0.003021       -0.122832
 
     V   45       -0.126005       -0.000000       -0.000001
     V   45       -0.000000        0.253412       -0.002421
     V   45       -0.000001       -0.002421       -0.127407
 
     V   46       -0.121359       -0.000000       -0.000000
     V   46       -0.000000       -0.129242        0.002235
     V   46       -0.000000        0.002235        0.250601
 
     V   47       -0.121359        0.000000       -0.000000
     V   47        0.000000       -0.129242       -0.002235
     V   47       -0.000000       -0.002235        0.250601
 
     V   48       -0.129563        0.003348        0.003952
     V   48        0.003348       -0.129560        0.003953
     V   48        0.003952        0.003953        0.259123
 
     V   49       -0.107368       -0.003153       -0.002565
     V   49       -0.003153       -0.132252        0.000030
     V   49       -0.002565        0.000030        0.239620
 
     V   50       -0.124298       -0.000000       -0.000000
     V   50       -0.000000       -0.123699        0.001726
     V   50       -0.000000        0.001726        0.247997
 
     V   51       -0.107367        0.003153       -0.002565
     V   51        0.003153       -0.132251       -0.000029
     V   51       -0.002565       -0.000029        0.239618
 
     V   52       -0.121731       -0.001596       -0.001504
     V   52       -0.001596        0.248047       -0.001648
     V   52       -0.001504       -0.001648       -0.126316
 
     V   53       -0.123942       -0.002724       -0.000917
     V   53       -0.002724        0.250002        0.000811
     V   53       -0.000917        0.000811       -0.126059
 
     V   54       -0.119443        0.002518        0.000591
     V   54        0.002518        0.245553       -0.001778
     V   54        0.000591       -0.001778       -0.126109
 
     V   55       -0.121731        0.001596        0.001504
     V   55        0.001596        0.248047       -0.001648
     V   55        0.001504       -0.001648       -0.126316
 
     V   56       -0.123942        0.002724        0.000917
     V   56        0.002724        0.250001        0.000811
     V   56        0.000917        0.000811       -0.126059
 
     V   57        0.245552        0.002517        0.001777
     V   57        0.002517       -0.119442       -0.000590
     V   57        0.001777       -0.000590       -0.126109
 
     V   58        0.246124       -0.000192       -0.003019
     V   58       -0.000192       -0.123292        0.000298
     V   58       -0.003019        0.000298       -0.122832
 
     V   59        0.253412        0.000000       -0.002421
     V   59        0.000000       -0.126005        0.000002
     V   59       -0.002421        0.000002       -0.127407
 
     V   60        0.246123        0.000192        0.003019
     V   60        0.000192       -0.123291        0.000297
     V   60        0.003019        0.000297       -0.122832
 
     V   61        0.242376       -0.000000        0.002208
     V   61       -0.000000       -0.123156        0.000001
     V   61        0.002208        0.000001       -0.119220
 
     V   62       -0.123701       -0.000000        0.001727
     V   62       -0.000000       -0.124295        0.000001
     V   62        0.001727        0.000001        0.247996
 
     V   63       -0.132249        0.003152       -0.000030
     V   63        0.003152       -0.107370       -0.002565
     V   63       -0.000030       -0.002565        0.239619
 
     V   64       -0.132248       -0.003152        0.000029
     V   64       -0.003152       -0.107370       -0.002564
     V   64        0.000029       -0.002564        0.239618
 
     V   65       -0.129239       -0.000001       -0.002235
     V   65       -0.000001       -0.121362        0.000000
     V   65       -0.002235        0.000000        0.250601
 
     V   66       -0.129239        0.000001        0.002235
     V   66        0.000001       -0.121362        0.000000
     V   66        0.002235        0.000000        0.250601
 
     V   67        0.247038        0.000239        0.000767
     V   67        0.000239       -0.121319        0.000032
     V   67        0.000767        0.000032       -0.125719
 
     V   68        0.247038       -0.000239        0.000767
     V   68       -0.000239       -0.121319       -0.000033
     V   68        0.000767       -0.000033       -0.125719
 
     V   69        0.246125        0.000192       -0.003019
     V   69        0.000192       -0.123293       -0.000295
     V   69       -0.003019       -0.000295       -0.122833
 
     V   70       -0.123292       -0.000191       -0.000297
     V   70       -0.000191        0.246125        0.003019
     V   70       -0.000297        0.003019       -0.122832
 
     V   71       -0.119444       -0.002517        0.000590
     V   71       -0.002517        0.245553        0.001778
     V   71        0.000590        0.001778       -0.126109
 
     V   72       -0.123292        0.000192       -0.000296
     V   72        0.000192        0.246123       -0.003021
     V   72       -0.000296       -0.003021       -0.122832
 
     V   73       -0.119567       -0.000000        0.000000
     V   73       -0.000000       -0.128311       -0.000000
     V   73        0.000000       -0.000000        0.247878
 
     V   74       -0.116127        0.000000       -0.001045
     V   74        0.000000       -0.124680        0.000001
     V   74       -0.001045        0.000001        0.240807
 
     V   75       -0.125543       -0.000000        0.000000
     V   75       -0.000000       -0.125541       -0.000001
     V   75        0.000000       -0.000001        0.251084
 
     V   76       -0.121318        0.000239        0.000032
     V   76        0.000239        0.247037        0.000767
     V   76        0.000032        0.000767       -0.125718
 
     V   77       -0.121318       -0.000239       -0.000032
     V   77       -0.000239        0.247036        0.000767
     V   77       -0.000032        0.000767       -0.125718
 
     V   78        0.245553       -0.002517        0.001777
     V   78       -0.002517       -0.119444        0.000592
     V   78        0.001777        0.000592       -0.126110
 
     V   79        0.246125       -0.000192        0.003019
     V   79       -0.000192       -0.123292       -0.000295
     V   79        0.003019       -0.000295       -0.122832
 
     V   80       -0.124677       -0.000000       -0.000000
     V   80       -0.000000       -0.116130       -0.001045
     V   80       -0.000000       -0.001045        0.240807
 
     V   81       -0.128308       -0.000000        0.000000
     V   81       -0.000000       -0.119570       -0.000000
     V   81        0.000000       -0.000000        0.247878
 
     V   82        0.261877       -0.000000       -0.010323
     V   82       -0.000000       -0.127693        0.000001
     V   82       -0.010323        0.000001       -0.134184
 
     V   83        0.242991       -0.000000        0.003367
     V   83       -0.000000       -0.123782       -0.000001
     V   83        0.003367       -0.000001       -0.119209
 
     V   84        0.257398        0.000000       -0.002947
     V   84        0.000000       -0.126515       -0.000000
     V   84       -0.002947       -0.000000       -0.130883
 
     V   85        0.246542       -0.000000       -0.001007
     V   85       -0.000000       -0.124906        0.000001
     V   85       -0.001007        0.000001       -0.121636
 
     V   86       -0.126515        0.000000        0.000000
     V   86        0.000000        0.257398        0.002946
     V   86        0.000000        0.002946       -0.130883
 
     V   87       -0.123293        0.002008       -0.000646
     V   87        0.002008        0.247396       -0.001180
     V   87       -0.000646       -0.001180       -0.124103
 
     V   88       -0.126515       -0.000000        0.000000
     V   88       -0.000000        0.257398       -0.002946
     V   88        0.000000       -0.002946       -0.130883
 
     V   89       -0.123293       -0.002008       -0.000648
     V   89       -0.002008        0.247396        0.001179
     V   89       -0.000648        0.001179       -0.124103
 
     V   90       -0.126841       -0.000047        0.001917
     V   90       -0.000047       -0.117277        0.003824
     V   90        0.001917        0.003824        0.244118
 
     V   91       -0.128021        0.000469       -0.000379
     V   91        0.000469       -0.128024        0.000380
     V   91       -0.000379        0.000380        0.256046
 
     V   92       -0.128022       -0.000471       -0.000380
     V   92       -0.000471       -0.128025       -0.000378
     V   92       -0.000380       -0.000378        0.256047
 
     V   93       -0.126841        0.000046        0.001918
     V   93        0.000046       -0.117277       -0.003823
     V   93        0.001918       -0.003823        0.244119
 
     V   94       -0.124905        0.000000       -0.000000
     V   94        0.000000        0.246541       -0.001008
     V   94       -0.000000       -0.001008       -0.121636
 
     V   95       -0.127692        0.000000       -0.000000
     V   95        0.000000        0.261876       -0.010323
     V   95       -0.000000       -0.010323       -0.134184
 
     V   96       -0.123781        0.000000        0.000000
     V   96        0.000000        0.242991        0.003368
     V   96        0.000000        0.003368       -0.119209
 
     V   97        0.247397        0.002008       -0.001180
     V   97        0.002008       -0.123293       -0.000649
     V   97       -0.001180       -0.000649       -0.124103
 
     V   98        0.257398       -0.000000        0.002947
     V   98       -0.000000       -0.126515       -0.000000
     V   98        0.002947       -0.000000       -0.130883
 
     V   99        0.247397       -0.002008        0.001181
     V   99       -0.002008       -0.123294       -0.000648
     V   99        0.001181       -0.000648       -0.124103
 
     V  100       -0.117281        0.000046       -0.003824
     V  100        0.000046       -0.126838        0.001918
     V  100       -0.003824        0.001918        0.244119
 
     V  101       -0.128022        0.000472        0.000379
     V  101        0.000472       -0.128025       -0.000379
     V  101        0.000379       -0.000379        0.256047
 
     V  102       -0.117281       -0.000046        0.003824
     V  102       -0.000046       -0.126839        0.001918
     V  102        0.003824        0.001918        0.244119
 
     V  103        0.248120       -0.000000       -0.000419
     V  103       -0.000000       -0.123587        0.000000
     V  103       -0.000419        0.000000       -0.124533
 
     V  104        0.252193       -0.000000        0.000477
     V  104       -0.000000       -0.126109       -0.000001
     V  104        0.000477       -0.000001       -0.126084
 
     V  105       -0.123293        0.002008        0.000649
     V  105        0.002008        0.247396        0.001179
     V  105        0.000649        0.001179       -0.124103
 
     V  106       -0.123294       -0.002008        0.000647
     V  106       -0.002008        0.247397       -0.001180
     V  106        0.000647       -0.001180       -0.124103
 
     V  107       -0.128611        0.000000        0.000653
     V  107        0.000000       -0.123807        0.000000
     V  107        0.000653        0.000000        0.252418
 
     V  108       -0.126468       -0.000001        0.000816
     V  108       -0.000001       -0.125170        0.000000
     V  108        0.000816        0.000000        0.251638
 
     V  109       -0.126109        0.000000        0.000000
     V  109        0.000000        0.252192        0.000477
     V  109        0.000000        0.000477       -0.126083
 
     V  110       -0.123586        0.000000       -0.000000
     V  110        0.000000        0.248119       -0.000419
     V  110       -0.000000       -0.000419       -0.124533
 
     V  111        0.247395       -0.002008       -0.001180
     V  111       -0.002008       -0.123293        0.000647
     V  111       -0.001180        0.000647       -0.124102
 
     V  112        0.247395        0.002008        0.001180
     V  112        0.002008       -0.123293        0.000646
     V  112        0.001180        0.000646       -0.124102
 
     V  113       -0.123811       -0.000000       -0.000000
     V  113       -0.000000       -0.128609        0.000653
     V  113       -0.000000        0.000653        0.252419
 
     V  114       -0.125166        0.000000       -0.000000
     V  114        0.000000       -0.126472        0.000816
     V  114       -0.000000        0.000816        0.251638
 
     V  115        0.248047       -0.001595        0.001648
     V  115       -0.001595       -0.121731        0.001504
     V  115        0.001648        0.001504       -0.126316
 
     V  116        0.246750       -0.000336        0.000968
     V  116       -0.000336       -0.122971       -0.000633
     V  116        0.000968       -0.000633       -0.123780
 
     V  117        0.250002       -0.002724       -0.000810
     V  117       -0.002724       -0.123942        0.000917
     V  117       -0.000810        0.000917       -0.126060
 
     V  118        0.246751        0.000336        0.000968
     V  118        0.000336       -0.122971        0.000630
     V  118        0.000968        0.000630       -0.123780
 
     V  119        0.248048        0.001596        0.001649
     V  119        0.001596       -0.121732       -0.001503
     V  119        0.001649       -0.001503       -0.126316
 
     V  120        0.250001        0.002724       -0.000810
     V  120        0.002724       -0.123942       -0.000917
     V  120       -0.000810       -0.000917       -0.126059
 
     V  121       -0.123782       -0.000000        0.000000
     V  121       -0.000000        0.242991       -0.003368
     V  121        0.000000       -0.003368       -0.119209
 
     V  122       -0.124471        0.000452        0.000353
     V  122        0.000452        0.250113        0.000755
     V  122        0.000353        0.000755       -0.125642
 
     V  123       -0.122971       -0.000336        0.000632
     V  123       -0.000336        0.246750       -0.000969
     V  123        0.000632       -0.000969       -0.123779
 
     V  124       -0.122971        0.000336        0.000633
     V  124        0.000336        0.246751        0.000968
     V  124        0.000633        0.000968       -0.123780
 
     V  125       -0.126110       -0.000000        0.000000
     V  125       -0.000000        0.252194       -0.000477
     V  125        0.000000       -0.000477       -0.126084
 
     V  126       -0.124471       -0.000452        0.000352
     V  126       -0.000452        0.250113       -0.000756
     V  126        0.000352       -0.000756       -0.125642
 
     V  127       -0.126841        0.000046       -0.001917
     V  127        0.000046       -0.117277        0.003824
     V  127       -0.001917        0.003824        0.244118
 
     V  128       -0.125167       -0.000000       -0.000000
     V  128       -0.000000       -0.126471       -0.000816
     V  128       -0.000000       -0.000816        0.251638
 
     V  129       -0.126841       -0.000046       -0.001918
     V  129       -0.000046       -0.117278       -0.003824
     V  129       -0.001918       -0.003824        0.244119
 
     V  130       -0.128021       -0.000470        0.000379
     V  130       -0.000470       -0.128025        0.000380
     V  130        0.000379        0.000380        0.256046
 
     V  131       -0.122630       -0.000000       -0.000000
     V  131       -0.000000       -0.120282        0.002049
     V  131       -0.000000        0.002049        0.242912
 
     V  132       -0.122631        0.000000       -0.000000
     V  132        0.000000       -0.120282       -0.002049
     V  132       -0.000000       -0.002049        0.242912
 
     V  133       -0.123942       -0.002724        0.000916
     V  133       -0.002724        0.250002       -0.000811
     V  133        0.000916       -0.000811       -0.126059
 
     V  134       -0.121732       -0.001595        0.001503
     V  134       -0.001595        0.248048        0.001647
     V  134        0.001503        0.001647       -0.126316
 
     V  135       -0.122971       -0.000336       -0.000631
     V  135       -0.000336        0.246751        0.000968
     V  135       -0.000631        0.000968       -0.123780
 
     V  136       -0.123943        0.002724       -0.000916
     V  136        0.002724        0.250002       -0.000811
     V  136       -0.000916       -0.000811       -0.126060
 
     V  137       -0.121732        0.001595       -0.001503
     V  137        0.001595        0.248048        0.001647
     V  137       -0.001503        0.001647       -0.126316
 
     V  138        0.252193        0.000000       -0.000477
     V  138        0.000000       -0.126109       -0.000001
     V  138       -0.000477       -0.000001       -0.126084
 
     V  139        0.250113       -0.000452       -0.000754
     V  139       -0.000452       -0.124471        0.000350
     V  139       -0.000754        0.000350       -0.125642
 
     V  140        0.242991        0.000000       -0.003367
     V  140        0.000000       -0.123781       -0.000001
     V  140       -0.003367       -0.000001       -0.119209
 
     V  141        0.250113        0.000452        0.000755
     V  141        0.000452       -0.124471        0.000350
     V  141        0.000755        0.000350       -0.125642
 
     V  142        0.246752       -0.000336       -0.000967
     V  142       -0.000336       -0.122971        0.000630
     V  142       -0.000967        0.000630       -0.123780
 
     V  143       -0.120285       -0.000000       -0.002049
     V  143       -0.000000       -0.122627        0.000000
     V  143       -0.002049        0.000000        0.242912
 
     V  144       -0.120285        0.000000        0.002049
     V  144        0.000000       -0.122627        0.000000
     V  144        0.002049        0.000000        0.242912
 
     V  145       -0.117280       -0.000047       -0.003824
     V  145       -0.000047       -0.126839       -0.001917
     V  145       -0.003824       -0.001917        0.244119
 
     V  146       -0.117280        0.000047        0.003824
     V  146        0.000047       -0.126839       -0.001917
     V  146        0.003824       -0.001917        0.244119
 
     V  147       -0.126469        0.000001       -0.000816
     V  147        0.000001       -0.125170        0.000000
     V  147       -0.000816        0.000000        0.251638
 
     V  148        0.247038        0.000239       -0.000767
     V  148        0.000239       -0.121319       -0.000033
     V  148       -0.000767       -0.000033       -0.125719
 
     V  149        0.250112       -0.000452        0.000755
     V  149       -0.000452       -0.124470       -0.000354
     V  149        0.000755       -0.000354       -0.125642
 
     V  150        0.247037       -0.000239       -0.000767
     V  150       -0.000239       -0.121318        0.000032
     V  150       -0.000767        0.000032       -0.125719
 
     V  151       -0.122971        0.000336       -0.000631
     V  151        0.000336        0.246750       -0.000969
     V  151       -0.000631       -0.000969       -0.123779
 
     V  152       -0.124471       -0.000452       -0.000352
     V  152       -0.000452        0.250113        0.000755
     V  152       -0.000352        0.000755       -0.125642
 
     V  153       -0.124471        0.000452       -0.000351
     V  153        0.000452        0.250113       -0.000756
     V  153       -0.000351       -0.000756       -0.125642
 
     V  154       -0.128611       -0.000000       -0.000653
     V  154       -0.000000       -0.123808        0.000000
     V  154       -0.000653        0.000000        0.252419
 
     V  155       -0.124094        0.000000        0.000000
     V  155        0.000000       -0.124097       -0.000001
     V  155        0.000000       -0.000001        0.248190
 
     V  156       -0.124329        0.000000        0.000000
     V  156        0.000000       -0.121745       -0.000000
     V  156        0.000000       -0.000000        0.246074
 
     V  157       -0.121319        0.000239       -0.000033
     V  157        0.000239        0.247038       -0.000768
     V  157       -0.000033       -0.000768       -0.125719
 
     V  158       -0.121319       -0.000239        0.000033
     V  158       -0.000239        0.247039       -0.000768
     V  158        0.000033       -0.000768       -0.125719
 
     V  159        0.250112        0.000452       -0.000754
     V  159        0.000452       -0.124470       -0.000354
     V  159       -0.000754       -0.000354       -0.125642
 
     V  160        0.246751        0.000336       -0.000967
     V  160        0.000336       -0.122971       -0.000633
     V  160       -0.000967       -0.000633       -0.123780
 
     V  161       -0.121747        0.000000        0.000000
     V  161        0.000000       -0.124326       -0.000000
     V  161        0.000000       -0.000000        0.246073
 
     V  162       -0.123810        0.000000       -0.000000
     V  162        0.000000       -0.128608       -0.000654
     V  162       -0.000000       -0.000654        0.252418
 
     Si 163       -0.013879       -0.000000       -0.012123
     Si 163       -0.000000        0.012751       -0.000003
     Si 163       -0.012123       -0.000003        0.001129
 
     Si 164        0.012750        0.000000        0.000001
     Si 164        0.000000       -0.013879       -0.012125
     Si 164        0.000001       -0.012125        0.001129
 
     Si 165       -0.001524        0.000000       -0.009163
     Si 165        0.000000       -0.014506       -0.000001
     Si 165       -0.009163       -0.000001        0.016031
 
     Si 166        0.003426        0.000000       -0.001450
     Si 166        0.000000        0.002342       -0.000002
     Si 166       -0.001450       -0.000002       -0.005768
 
     Si 167       -0.013879        0.000000        0.012124
     Si 167        0.000000        0.012750       -0.000003
     Si 167        0.012124       -0.000003        0.001129
 
     Si 168       -0.010794        0.000000        0.000000
     Si 168        0.000000        0.009320        0.000001
     Si 168        0.000000        0.000001        0.001474
 
     Si 169       -0.007720        0.000151       -0.002371
     Si 169        0.000151        0.003927       -0.001345
     Si 169       -0.002371       -0.001345        0.003793
 
     Si 170       -0.007720       -0.000151       -0.002371
     Si 170       -0.000151        0.003926        0.001342
     Si 170       -0.002371        0.001342        0.003794
 
     Si 171       -0.014506       -0.000000        0.000000
     Si 171       -0.000000       -0.001524       -0.009165
     Si 171        0.000000       -0.009165        0.016030
 
     Si 172        0.002341       -0.000000        0.000001
     Si 172       -0.000000        0.003427       -0.001452
     Si 172        0.000001       -0.001452       -0.005768
 
     Si 173        0.009320        0.000000       -0.000000
     Si 173        0.000000       -0.010794       -0.000001
     Si 173       -0.000000       -0.000001        0.001475
 
     Si 174        0.012751        0.000000        0.000001
     Si 174        0.000000       -0.013879        0.012123
     Si 174        0.000001        0.012123        0.001129
 
     Si 175        0.003926       -0.000151        0.001344
     Si 175       -0.000151       -0.007720       -0.002370
     Si 175        0.001344       -0.002370        0.003793
 
     Si 176        0.003926        0.000151       -0.001343
     Si 176        0.000151       -0.007719       -0.002370
     Si 176       -0.001343       -0.002370        0.003793
 
     Si 177        0.002587        0.001275       -0.000139
     Si 177        0.001275       -0.009860       -0.003340
     Si 177       -0.000139       -0.003340        0.007273
 
     Si 178        0.000386       -0.000309        0.001221
     Si 178       -0.000309        0.001040       -0.001588
     Si 178        0.001221       -0.001588       -0.001426
 
     Si 179        0.002587       -0.001275       -0.000138
     Si 179       -0.001275       -0.009860        0.003337
     Si 179       -0.000138        0.003337        0.007272
 
     Si 180        0.000386        0.000310        0.001221
     Si 180        0.000310        0.001041        0.001585
     Si 180        0.001221        0.001585       -0.001427
 
     Si 181       -0.001524       -0.000000        0.009164
     Si 181       -0.000000       -0.014506       -0.000001
     Si 181        0.009164       -0.000001        0.016030
 
     Si 182       -0.001253       -0.000000        0.000000
     Si 182       -0.000000        0.005279        0.000002
     Si 182        0.000000        0.000002       -0.004025
 
     Si 183        0.003427       -0.000000        0.001451
     Si 183       -0.000000        0.002341       -0.000002
     Si 183        0.001451       -0.000002       -0.005768
 
     Si 184        0.000456       -0.000000        0.000000
     Si 184       -0.000000       -0.001438        0.000001
     Si 184        0.000000        0.000001        0.000982
 
     Si 185       -0.007720       -0.000151        0.002371
     Si 185       -0.000151        0.003927       -0.001346
     Si 185        0.002371       -0.001346        0.003793
 
     Si 186       -0.007562       -0.000000       -0.000000
     Si 186       -0.000000        0.005356        0.000417
     Si 186       -0.000000        0.000417        0.002206
 
     Si 187       -0.007563        0.000000       -0.000000
     Si 187        0.000000        0.005358       -0.000413
     Si 187       -0.000000       -0.000413        0.002206
 
     Si 188       -0.007720        0.000151        0.002370
     Si 188        0.000151        0.003926        0.001342
     Si 188        0.002370        0.001342        0.003794
 
     Si 189       -0.009860       -0.001274        0.003339
     Si 189       -0.001274        0.002587       -0.000137
     Si 189        0.003339       -0.000137        0.007272
 
     Si 190        0.001041        0.000310        0.001587
     Si 190        0.000310        0.000386        0.001223
     Si 190        0.001587        0.001223       -0.001426
 
     Si 191       -0.009860        0.001274       -0.003338
     Si 191        0.001274        0.002588       -0.000137
     Si 191       -0.003338       -0.000137        0.007272
 
     Si 192        0.001041       -0.000310       -0.001586
     Si 192       -0.000310        0.000386        0.001223
     Si 192       -0.001586        0.001223       -0.001427
 
     Si 193       -0.001438       -0.000000       -0.000000
     Si 193       -0.000000        0.000456       -0.000001
     Si 193       -0.000000       -0.000001        0.000982
 
     Si 194        0.002342        0.000000        0.000001
     Si 194        0.000000        0.003426        0.001449
     Si 194        0.000001        0.001449       -0.005767
 
     Si 195        0.005279       -0.000000       -0.000001
     Si 195       -0.000000       -0.001254       -0.000001
     Si 195       -0.000001       -0.000001       -0.004025
 
     Si 196       -0.014506        0.000000        0.000000
     Si 196        0.000000       -0.001525        0.009161
     Si 196        0.000000        0.009161        0.016031
 
     Si 197        0.005357        0.000000        0.000415
     Si 197        0.000000       -0.007563        0.000001
     Si 197        0.000415        0.000001        0.002206
 
     Si 198        0.003926       -0.000151       -0.001343
     Si 198       -0.000151       -0.007720        0.002371
     Si 198       -0.001343        0.002371        0.003793
 
     Si 199        0.003926        0.000151        0.001344
     Si 199        0.000151       -0.007720        0.002371
     Si 199        0.001344        0.002371        0.003793
 
     Si 200        0.005357       -0.000000       -0.000416
     Si 200       -0.000000       -0.007563        0.000001
     Si 200       -0.000416        0.000001        0.002206
 
     Si 201        0.002587       -0.001275        0.000138
     Si 201       -0.001275       -0.009860       -0.003340
     Si 201        0.000138       -0.003340        0.007273
 
     Si 202       -0.001882       -0.000000       -0.000000
     Si 202       -0.000000        0.003504       -0.000348
     Si 202       -0.000000       -0.000348       -0.001622
 
     Si 203       -0.001138       -0.000000       -0.000001
     Si 203       -0.000000       -0.001448        0.000268
     Si 203       -0.000001        0.000268        0.002586
 
     Si 204        0.000386       -0.000310       -0.001222
     Si 204       -0.000310        0.001041        0.001585
     Si 204       -0.001222        0.001585       -0.001427
 
     Si 205       -0.001881        0.000000       -0.000000
     Si 205        0.000000        0.003502        0.000353
     Si 205       -0.000000        0.000353       -0.001621
 
     Si 206        0.002587        0.001274        0.000137
     Si 206        0.001274       -0.009860        0.003337
     Si 206        0.000137        0.003337        0.007272
 
     Si 207        0.000386        0.000310       -0.001222
     Si 207        0.000310        0.001040       -0.001588
     Si 207       -0.001222       -0.001588       -0.001426
 
     Si 208       -0.001138        0.000000       -0.000001
     Si 208        0.000000       -0.001449       -0.000264
     Si 208       -0.000001       -0.000264        0.002586
 
     Si 209       -0.001448        0.000000        0.000266
     Si 209        0.000000       -0.001138        0.000002
     Si 209        0.000266        0.000002        0.002586
 
     Si 210        0.001041       -0.000310        0.001587
     Si 210       -0.000310        0.000386       -0.001220
     Si 210        0.001587       -0.001220       -0.001427
 
     Si 211       -0.009859       -0.001275       -0.003338
     Si 211       -0.001275        0.002587        0.000139
     Si 211       -0.003338        0.000139        0.007273
 
     Si 212        0.003503        0.000000       -0.000351
     Si 212        0.000000       -0.001881        0.000001
     Si 212       -0.000351        0.000001       -0.001622
 
     Si 213        0.001041        0.000310       -0.001586
     Si 213        0.000310        0.000386       -0.001220
     Si 213       -0.001586       -0.001220       -0.001427
 
     Si 214       -0.001448       -0.000000       -0.000267
     Si 214       -0.000000       -0.001138        0.000002
     Si 214       -0.000267        0.000002        0.002586
 
     Si 215        0.003503       -0.000000        0.000350
     Si 215       -0.000000       -0.001881        0.000001
     Si 215        0.000350        0.000001       -0.001622
 
     Si 216       -0.009859        0.001275        0.003339
     Si 216        0.001275        0.002587        0.000139
     Si 216        0.003339        0.000139        0.007273
 
     H  217       -0.300490       -0.000000        0.000012
     H  217       -0.000000       -0.300503       -0.000035
     H  217        0.000012       -0.000035        0.600993
 
     ----- GIPAW term -----
     V    1       -0.197250        0.000030       -0.040721
     V    1        0.000030        0.028811        0.000003
     V    1       -0.040721        0.000003        0.168438
 
     V    2        0.007244       -0.000006       -0.009990
     V    2       -0.000006        0.003540       -0.000006
     V    2       -0.009990       -0.000006       -0.010784
 
     V    3       -0.013829       -0.000002       -0.020009
     V    3       -0.000002       -0.000337       -0.000006
     V    3       -0.020009       -0.000006        0.014166
 
     V    4        0.036061        0.000001       -0.002624
     V    4        0.000001        0.010254       -0.000013
     V    4       -0.002624       -0.000013       -0.046314
 
     V    5        0.028783       -0.000029       -0.000008
     V    5       -0.000029       -0.197217       -0.040697
     V    5       -0.000008       -0.040697        0.168433
 
     V    6       -0.011663       -0.007195       -0.007434
     V    6       -0.007195       -0.011876        0.012562
     V    6       -0.007434        0.012562        0.023539
 
     V    7        0.028821        0.000029       -0.000008
     V    7        0.000029       -0.197263        0.040720
     V    7       -0.000008        0.040720        0.168443
 
     V    8       -0.011689        0.007192       -0.007421
     V    8        0.007192       -0.011860       -0.012565
     V    8       -0.007421       -0.012565        0.023549
 
     V    9        0.019148        0.009453       -0.010019
     V    9        0.009453        0.019120       -0.010027
     V    9       -0.010019       -0.010027       -0.038268
 
     V   10       -0.025110       -0.009619       -0.015180
     V   10       -0.009619        0.055057       -0.013620
     V   10       -0.015180       -0.013620       -0.029947
 
     V   11       -0.025156        0.009623       -0.015173
     V   11        0.009623        0.054986        0.013539
     V   11       -0.015173        0.013539       -0.029830
 
     V   12        0.019179       -0.009442       -0.010019
     V   12       -0.009442        0.019196        0.010005
     V   12       -0.010019        0.010005       -0.038375
 
     V   13       -0.000359        0.000025        0.000001
     V   13        0.000025       -0.013750       -0.020010
     V   13        0.000001       -0.020010        0.014109
 
     V   14        0.010232       -0.000021        0.000003
     V   14       -0.000021        0.036063       -0.002609
     V   14        0.000003       -0.002609       -0.046295
 
     V   15        0.003513        0.000027        0.000004
     V   15        0.000027        0.007331       -0.010015
     V   15        0.000004       -0.010015       -0.010844
 
     V   16       -0.011734       -0.007246        0.012585
     V   16       -0.007246       -0.011781       -0.007432
     V   16        0.012585       -0.007432        0.023515
 
     V   17       -0.011729        0.007246       -0.012581
     V   17        0.007246       -0.011770       -0.007438
     V   17       -0.012581       -0.007438        0.023499
 
     V   18       -0.197235       -0.000030        0.040703
     V   18       -0.000030        0.028797        0.000003
     V   18        0.040703        0.000003        0.168438
 
     V   19        0.019122       -0.009458        0.010011
     V   19       -0.009458        0.019105       -0.010025
     V   19        0.010011       -0.010025       -0.038227
 
     V   20        0.055010        0.009637        0.013594
     V   20        0.009637       -0.025189       -0.015220
     V   20        0.013594       -0.015220       -0.029821
 
     V   21        0.054990       -0.009637       -0.013552
     V   21       -0.009637       -0.025208       -0.015220
     V   21       -0.013552       -0.015220       -0.029782
 
     V   22       -0.044088        0.000012       -0.008158
     V   22        0.000012        0.037241       -0.000008
     V   22       -0.008158       -0.000008        0.006847
 
     V   23       -0.012312       -0.000001        0.004811
     V   23       -0.000001        0.018771       -0.000005
     V   23        0.004811       -0.000005       -0.006459
 
     V   24       -0.011741       -0.007260        0.007422
     V   24       -0.007260       -0.011788       -0.012569
     V   24        0.007422       -0.012569        0.023528
 
     V   25       -0.011716        0.007263        0.007436
     V   25        0.007263       -0.011803        0.012567
     V   25        0.007436        0.012567        0.023519
 
     V   26        0.033399        0.000001       -0.004503
     V   26        0.000001        0.012529       -0.000019
     V   26       -0.004503       -0.000019       -0.045929
 
     V   27        0.020877        0.000001        0.001122
     V   27        0.000001        0.018144       -0.000022
     V   27        0.001122       -0.000022       -0.039020
 
     V   28        0.018738        0.000026        0.000003
     V   28        0.000026       -0.012197        0.004786
     V   28        0.000003        0.004786       -0.006541
 
     V   29        0.037224       -0.000031        0.000002
     V   29       -0.000031       -0.044058       -0.008155
     V   29        0.000002       -0.008155        0.006834
 
     V   30       -0.011934        0.007209        0.012565
     V   30        0.007209       -0.011637        0.007418
     V   30        0.012565        0.007418        0.023571
 
     V   31       -0.011928       -0.007208       -0.012561
     V   31       -0.007208       -0.011626        0.007424
     V   31       -0.012561        0.007424        0.023554
 
     V   32        0.012499       -0.000000       -0.000004
     V   32       -0.000000        0.033342       -0.004470
     V   32       -0.000004       -0.004470       -0.045842
 
     V   33        0.018115        0.000000        0.000015
     V   33        0.000000        0.020823        0.001094
     V   33        0.000015        0.001094       -0.038939
 
     V   34       -0.000984        0.011299       -0.006524
     V   34        0.011299       -0.008878        0.004263
     V   34       -0.006524        0.004263        0.009861
 
     V   35        0.001576       -0.001663        0.007828
     V   35       -0.001663       -0.012616        0.001810
     V   35        0.007828        0.001810        0.011040
 
     V   36       -0.009847        0.021398        0.009835
     V   36        0.021398       -0.020287        0.003457
     V   36        0.009835        0.003457        0.030134
 
     V   37       -0.000854       -0.011341       -0.006526
     V   37       -0.011341       -0.008964       -0.004262
     V   37       -0.006526       -0.004262        0.009818
 
     V   38       -0.010006       -0.021347        0.009826
     V   38       -0.021347       -0.020164       -0.003475
     V   38        0.009826       -0.003475        0.030170
 
     V   39        0.001779        0.001638        0.007828
     V   39        0.001638       -0.012747       -0.001815
     V   39        0.007828       -0.001815        0.010967
 
     V   40        0.028551       -0.001230       -0.002724
     V   40       -0.001230       -0.037421       -0.002697
     V   40       -0.002724       -0.002697        0.008870
 
     V   41        0.037253        0.000031        0.000002
     V   41        0.000031       -0.044119        0.008146
     V   41        0.000002        0.008146        0.006866
 
     V   42       -0.020219        0.021358        0.003471
     V   42        0.021358       -0.009938        0.009857
     V   42        0.003471        0.009857        0.030158
 
     V   43       -0.020196       -0.021330        0.003468
     V   43       -0.021330       -0.009975       -0.009831
     V   43        0.003468       -0.009831        0.030171
 
     V   44        0.028544        0.001247       -0.002720
     V   44        0.001247       -0.037417        0.002733
     V   44       -0.002720        0.002733        0.008873
 
     V   45        0.010266        0.000021        0.000003
     V   45        0.000021        0.036038        0.002618
     V   45        0.000003        0.002618       -0.046304
 
     V   46       -0.011416        0.000003        0.000014
     V   46        0.000003        0.011622       -0.009793
     V   46        0.000014       -0.009793       -0.000206
 
     V   47       -0.011433       -0.000003        0.000014
     V   47       -0.000003        0.011530        0.009776
     V   47        0.000014        0.009776       -0.000097
 
     V   48        0.019153        0.009448        0.010012
     V   48        0.009448        0.019181        0.010002
     V   48        0.010012        0.010002       -0.038334
 
     V   49       -0.025145        0.009629        0.015209
     V   49        0.009629        0.055043       -0.013618
     V   49        0.015209       -0.013618       -0.029898
 
     V   50        0.012544        0.000000       -0.000004
     V   50        0.000000        0.033426        0.004506
     V   50       -0.000004        0.004506       -0.045970
 
     V   51       -0.025192       -0.009633        0.015202
     V   51       -0.009633        0.054973        0.013538
     V   51        0.015202        0.013538       -0.029781
 
     V   52       -0.012760       -0.001619        0.001815
     V   52       -0.001619        0.001828        0.007846
     V   52        0.001815        0.007846        0.010932
 
     V   53       -0.008999        0.011357        0.004269
     V   53        0.011357       -0.000775       -0.006539
     V   53        0.004269       -0.006539        0.009774
 
     V   54       -0.020259       -0.021427       -0.003465
     V   54       -0.021427       -0.009886        0.009856
     V   54       -0.003465        0.009856        0.030145
 
     V   55       -0.012715        0.001683       -0.001817
     V   55        0.001683        0.001756        0.007847
     V   55       -0.001817        0.007847        0.010959
 
     V   56       -0.008969       -0.011287       -0.004269
     V   56       -0.011287       -0.000823       -0.006539
     V   56       -0.004269       -0.006539        0.009792
 
     V   57       -0.009856       -0.021410       -0.009845
     V   57       -0.021410       -0.020292        0.003459
     V   57       -0.009845        0.003459        0.030148
 
     V   58       -0.037318        0.001296        0.002705
     V   58        0.001296        0.028475       -0.002740
     V   58        0.002705       -0.002740        0.008843
 
     V   59        0.036041       -0.000001        0.002618
     V   59       -0.000001        0.010245       -0.000013
     V   59        0.002618       -0.000013       -0.046287
 
     V   60       -0.037335       -0.001302       -0.002717
     V   60       -0.001302        0.028475       -0.002739
     V   60       -0.002717       -0.002739        0.008860
 
     V   61       -0.044087       -0.000012        0.008161
     V   61       -0.000012        0.037233       -0.000008
     V   61        0.008161       -0.000008        0.006854
 
     V   62        0.033369       -0.000001        0.004474
     V   62       -0.000001        0.012513       -0.000019
     V   62        0.004474       -0.000019       -0.045882
 
     V   63        0.055039       -0.009616        0.013606
     V   63       -0.009616       -0.025090        0.015163
     V   63        0.013606        0.015163       -0.029949
 
     V   64        0.055020        0.009616       -0.013563
     V   64        0.009616       -0.025109        0.015162
     V   64       -0.013563        0.015162       -0.029911
 
     V   65        0.011592        0.000008        0.009797
     V   65        0.000008       -0.011420       -0.000018
     V   65        0.009797       -0.000018       -0.000172
 
     V   66        0.011558       -0.000008       -0.009772
     V   66       -0.000008       -0.011426       -0.000017
     V   66       -0.009772       -0.000017       -0.000131
 
     V   67       -0.016629       -0.000309       -0.002528
     V   67       -0.000309        0.010838        0.002066
     V   67       -0.002528        0.002066        0.005791
 
     V   68       -0.016532        0.000275       -0.002530
     V   68        0.000275        0.010778       -0.002061
     V   68       -0.002530       -0.002061        0.005754
 
     V   69       -0.037451       -0.001250        0.002701
     V   69       -0.001250        0.028580        0.002714
     V   69        0.002701        0.002714        0.008871
 
     V   70        0.028513        0.001304        0.002732
     V   70        0.001304       -0.037369       -0.002700
     V   70        0.002732       -0.002700        0.008857
 
     V   71       -0.020236        0.021399       -0.003462
     V   71        0.021399       -0.009922       -0.009831
     V   71       -0.003462       -0.009831        0.030158
 
     V   72        0.028506       -0.001321        0.002729
     V   72       -0.001321       -0.037366        0.002737
     V   72        0.002729        0.002737        0.008860
 
     V   73       -0.000174        0.000000        0.000005
     V   73        0.000000        0.021248        0.000014
     V   73        0.000005        0.000014       -0.021074
 
     V   74        0.020846       -0.000002       -0.001096
     V   74       -0.000002        0.018126       -0.000022
     V   74       -0.001096       -0.000022       -0.038972
 
     V   75        0.014343        0.000000       -0.000019
     V   75        0.000000        0.014343        0.000028
     V   75       -0.000019        0.000028       -0.028686
 
     V   76        0.010772       -0.000259        0.002065
     V   76       -0.000259       -0.016488       -0.002509
     V   76        0.002065       -0.002509        0.005716
 
     V   77        0.010795        0.000327       -0.002065
     V   77        0.000327       -0.016527       -0.002508
     V   77       -0.002065       -0.002508        0.005731
 
     V   78       -0.010015        0.021359       -0.009836
     V   78        0.021359       -0.020169       -0.003477
     V   78       -0.009836       -0.003477        0.030184
 
     V   79       -0.037468        0.001256       -0.002713
     V   79        0.001256        0.028580        0.002713
     V   79       -0.002713        0.002713        0.008888
 
     V   80        0.018154        0.000000        0.000015
     V   80        0.000000        0.020899       -0.001122
     V   80        0.000015       -0.001122       -0.039053
 
     V   81        0.021245        0.000000        0.000005
     V   81        0.000000       -0.000173        0.000010
     V   81        0.000005        0.000010       -0.021072
 
     V   82       -0.013781        0.000002        0.020005
     V   82        0.000002       -0.000347       -0.000006
     V   82        0.020005       -0.000006        0.014129
 
     V   83        0.002046        0.000002       -0.008255
     V   83        0.000002        0.011728        0.000012
     V   83       -0.008255        0.000012       -0.013774
 
     V   84        0.062648       -0.000010        0.003038
     V   84       -0.000010       -0.031000        0.000000
     V   84        0.003038        0.000000       -0.031648
 
     V   85        0.007314        0.000006        0.009996
     V   85        0.000006        0.003519       -0.000006
     V   85        0.009996       -0.000006       -0.010832
 
     V   86       -0.031014       -0.000037       -0.000002
     V   86       -0.000037        0.062662       -0.003032
     V   86       -0.000002       -0.003032       -0.031648
 
     V   87       -0.012883       -0.003703        0.001025
     V   87       -0.003703        0.013547        0.003767
     V   87        0.001025        0.003767       -0.000664
 
     V   88       -0.030978        0.000037       -0.000002
     V   88        0.000037        0.062646        0.003029
     V   88       -0.000002        0.003029       -0.031668
 
     V   89       -0.012920        0.003703        0.001034
     V   89        0.003703        0.013571       -0.003755
     V   89        0.001034       -0.003755       -0.000651
 
     V   90        0.023857       -0.002860       -0.013517
     V   90       -0.002860       -0.025912        0.000508
     V   90       -0.013517        0.000508        0.002055
 
     V   91       -0.014991       -0.004420        0.004179
     V   91       -0.004420       -0.014973       -0.004205
     V   91        0.004179       -0.004205        0.029964
 
     V   92       -0.015031        0.004435        0.004214
     V   92        0.004435       -0.015065        0.004136
     V   92        0.004214        0.004136        0.030096
 
     V   93        0.023903        0.002865       -0.013507
     V   93        0.002865       -0.025806       -0.000497
     V   93       -0.013507       -0.000497        0.001904
 
     V   94        0.003545       -0.000027        0.000004
     V   94       -0.000027        0.007226        0.009987
     V   94        0.000004        0.009987       -0.010771
 
     V   95       -0.000323       -0.000025        0.000001
     V   95       -0.000025       -0.013863        0.020019
     V   95        0.000001        0.020019        0.014186
 
     V   96        0.011743        0.000024       -0.000004
     V   96        0.000024        0.002041       -0.008272
     V   96       -0.000004       -0.008272       -0.013784
 
     V   97        0.013697       -0.003759        0.003771
     V   97       -0.003759       -0.013004        0.001042
     V   97        0.003771        0.001042       -0.000693
 
     V   98        0.062655        0.000010       -0.003036
     V   98        0.000010       -0.030989        0.000000
     V   98       -0.003036        0.000000       -0.031666
 
     V   99        0.013702        0.003759       -0.003774
     V   99        0.003759       -0.012992        0.001039
     V   99       -0.003774        0.001039       -0.000710
 
     V  100       -0.025906        0.002861       -0.000509
     V  100        0.002861        0.023828       -0.013501
     V  100       -0.000509       -0.013501        0.002078
 
     V  101       -0.015064       -0.004440       -0.004174
     V  101       -0.004440       -0.015080        0.004147
     V  101       -0.004174        0.004147        0.030144
 
     V  102       -0.025865       -0.002864        0.000486
     V  102       -0.002864        0.023846       -0.013495
     V  102        0.000486       -0.013495        0.002019
 
     V  103       -0.012233        0.000001       -0.004803
     V  103        0.000001        0.018747       -0.000004
     V  103       -0.004803       -0.000004       -0.006515
 
     V  104        0.021742       -0.000002        0.003886
     V  104       -0.000002       -0.003415        0.000013
     V  104        0.003886        0.000013       -0.018327
 
     V  105       -0.012972       -0.003774       -0.001040
     V  105       -0.003774        0.013647       -0.003757
     V  105       -0.001040       -0.003757       -0.000675
 
     V  106       -0.012935        0.003774       -0.001031
     V  106        0.003774        0.013622        0.003769
     V  106       -0.001031        0.003769       -0.000688
 
     V  107        0.001307        0.000004       -0.004998
     V  107        0.000004       -0.024674       -0.000004
     V  107       -0.004998       -0.000004        0.023367
 
     V  108        0.005215        0.000006        0.001479
     V  108        0.000006       -0.013622       -0.000017
     V  108        0.001479       -0.000017        0.008407
 
     V  109       -0.003411        0.000030       -0.000004
     V  109        0.000030        0.021741        0.003872
     V  109       -0.000004        0.003872       -0.018330
 
     V  110        0.018782       -0.000026        0.000003
     V  110       -0.000026       -0.012347       -0.004815
     V  110        0.000003       -0.004815       -0.006435
 
     V  111        0.013490        0.003718        0.003766
     V  111        0.003718       -0.012860       -0.001026
     V  111        0.003766       -0.001026       -0.000629
 
     V  112        0.013495       -0.003718       -0.003769
     V  112       -0.003718       -0.012849       -0.001023
     V  112       -0.003769       -0.001023       -0.000646
 
     V  113       -0.024689       -0.000002       -0.000007
     V  113       -0.000002        0.001283       -0.004947
     V  113       -0.000007       -0.004947        0.023405
 
     V  114       -0.013638       -0.000002        0.000014
     V  114       -0.000002        0.005191        0.001466
     V  114        0.000014        0.001466        0.008448
 
     V  115        0.001853       -0.001638       -0.007840
     V  115       -0.001638       -0.012779       -0.001817
     V  115       -0.007840       -0.001817        0.010926
 
     V  116        0.003250        0.003559       -0.002587
     V  116        0.003559       -0.002350        0.001475
     V  116       -0.002587        0.001475       -0.000901
 
     V  117       -0.000772        0.011342        0.006528
     V  117        0.011342       -0.009000       -0.004265
     V  117        0.006528       -0.004265        0.009772
 
     V  118        0.003362       -0.003600       -0.002611
     V  118       -0.003600       -0.002427       -0.001439
     V  118       -0.002611       -0.001439       -0.000935
 
     V  119        0.001648        0.001663       -0.007839
     V  119        0.001663       -0.012648        0.001812
     V  119       -0.007839        0.001812        0.011000
 
     V  120       -0.000902       -0.011299        0.006527
     V  120       -0.011299       -0.008914        0.004267
     V  120        0.006527        0.004267        0.009816
 
     V  121        0.011717       -0.000024       -0.000004
     V  121       -0.000024        0.002066        0.008258
     V  121       -0.000004        0.008258       -0.013783
 
     V  122       -0.001216       -0.001441       -0.000795
     V  122       -0.001441        0.004132        0.000136
     V  122       -0.000795        0.000136       -0.002916
 
     V  123       -0.002385        0.003550       -0.001461
     V  123        0.003550        0.003306        0.002615
     V  123       -0.001461        0.002615       -0.000921
 
     V  124       -0.002349       -0.003534       -0.001468
     V  124       -0.003534        0.003267       -0.002576
     V  124       -0.001468       -0.002576       -0.000918
 
     V  125       -0.003420       -0.000030       -0.000004
     V  125       -0.000030        0.021763       -0.003882
     V  125       -0.000004       -0.003882       -0.018343
 
     V  126       -0.001231        0.001446       -0.000785
     V  126        0.001446        0.004124       -0.000100
     V  126       -0.000785       -0.000100       -0.002893
 
     V  127        0.023835        0.002859        0.013500
     V  127        0.002859       -0.025924        0.000506
     V  127        0.013500        0.000506        0.002089
 
     V  128       -0.013615        0.000002        0.000014
     V  128        0.000002        0.005225       -0.001472
     V  128        0.000014       -0.001472        0.008390
 
     V  129        0.023880       -0.002865        0.013490
     V  129       -0.002865       -0.025819       -0.000494
     V  129        0.013490       -0.000494        0.001939
 
     V  130       -0.015025        0.004425       -0.004139
     V  130        0.004425       -0.014988       -0.004216
     V  130       -0.004139       -0.004216        0.030013
 
     V  131        0.005990        0.000001       -0.000009
     V  131        0.000001        0.008488       -0.005392
     V  131       -0.000009       -0.005392       -0.014479
 
     V  132        0.006009       -0.000001       -0.000008
     V  132       -0.000001        0.008544        0.005456
     V  132       -0.000008        0.005456       -0.014553
 
     V  133       -0.008877        0.011283       -0.004260
     V  133        0.011283       -0.000981        0.006529
     V  133       -0.004260        0.006529        0.009858
 
     V  134       -0.012634       -0.001682       -0.001813
     V  134       -0.001682        0.001601       -0.007806
     V  134       -0.001813       -0.007806        0.011034
 
     V  135       -0.002378        0.003604        0.001456
     V  135        0.003604        0.003310       -0.002585
     V  135        0.001456       -0.002585       -0.000932
 
     V  136       -0.008907       -0.011353        0.004260
     V  136       -0.011353       -0.000934        0.006529
     V  136        0.004260        0.006529        0.009842
 
     V  137       -0.012680        0.001618        0.001812
     V  137        0.001618        0.001674       -0.007806
     V  137        0.001812       -0.007806        0.011007
 
     V  138        0.021759        0.000002       -0.003882
     V  138        0.000002       -0.003416        0.000013
     V  138       -0.003882        0.000013       -0.018343
 
     V  139        0.004194        0.001500       -0.000141
     V  139        0.001500       -0.001260       -0.000770
     V  139       -0.000141       -0.000770       -0.002934
 
     V  140        0.002063       -0.000002        0.008258
     V  140       -0.000002        0.011731        0.000012
     V  140        0.008258        0.000012       -0.013794
 
     V  141        0.004174       -0.001502        0.000129
     V  141       -0.001502       -0.001264       -0.000768
     V  141        0.000129       -0.000768       -0.002910
 
     V  142        0.003369        0.003593        0.002596
     V  142        0.003593       -0.002417       -0.001441
     V  142        0.002596       -0.001441       -0.000952
 
     V  143        0.008507        0.000004        0.005405
     V  143        0.000004        0.005996        0.000004
     V  143        0.005405        0.000004       -0.014503
 
     V  144        0.008527       -0.000004       -0.005445
     V  144       -0.000004        0.006003        0.000004
     V  144       -0.005445        0.000004       -0.014530
 
     V  145       -0.025866       -0.002860       -0.000516
     V  145       -0.002860        0.023891        0.013514
     V  145       -0.000516        0.013514        0.001975
 
     V  146       -0.025825        0.002864        0.000493
     V  146        0.002864        0.023910        0.013508
     V  146        0.000493        0.013508        0.001915
 
     V  147        0.005200       -0.000006       -0.001460
     V  147       -0.000006       -0.013629       -0.000017
     V  147       -0.001460       -0.000017        0.008429
 
     V  148       -0.016477       -0.000276        0.002516
     V  148       -0.000276        0.010761       -0.002062
     V  148        0.002516       -0.002062        0.005716
 
     V  149        0.004094        0.001460        0.000116
     V  149        0.001460       -0.001210        0.000798
     V  149        0.000116        0.000798       -0.002885
 
     V  150       -0.016574        0.000310        0.002514
     V  150        0.000310        0.010822        0.002067
     V  150        0.002514        0.002067        0.005752
 
     V  151       -0.002414       -0.003619        0.001449
     V  151       -0.003619        0.003349        0.002623
     V  151        0.001449        0.002623       -0.000934
 
     V  152       -0.001239        0.001513        0.000785
     V  152        0.001513        0.004166        0.000141
     V  152        0.000785        0.000141       -0.002926
 
     V  153       -0.001254       -0.001519        0.000775
     V  153       -0.001519        0.004158       -0.000104
     V  153        0.000775       -0.000104       -0.002903
 
     V  154        0.001293       -0.000004        0.004962
     V  154       -0.000004       -0.024681       -0.000004
     V  154        0.004962       -0.000004        0.023388
 
     V  155        0.002034       -0.000000        0.000001
     V  155       -0.000000        0.002034        0.000018
     V  155        0.000001        0.000018       -0.004067
 
     V  156        0.004103       -0.000000       -0.000018
     V  156       -0.000000        0.004129        0.000017
     V  156       -0.000018        0.000017       -0.008233
 
     V  157        0.010829       -0.000326       -0.002064
     V  157       -0.000326       -0.016618        0.002549
     V  157       -0.002064        0.002549        0.005790
 
     V  158        0.010805        0.000258        0.002064
     V  158        0.000258       -0.016579        0.002551
     V  158        0.002064        0.002551        0.005774
 
     V  159        0.004115       -0.001458       -0.000127
     V  159       -0.001458       -0.001206        0.000801
     V  159       -0.000127        0.000801       -0.002909
 
     V  160        0.003257       -0.003553        0.002572
     V  160       -0.003553       -0.002339        0.001477
     V  160        0.002572        0.001477       -0.000918
 
     V  161        0.004130       -0.000000       -0.000014
     V  161       -0.000000        0.004105        0.000029
     V  161       -0.000014        0.000029       -0.008236
 
     V  162       -0.024665        0.000002       -0.000007
     V  162        0.000002        0.001319        0.005013
     V  162       -0.000007        0.005013        0.023346
 
     Si 163        0.021904        0.000004        0.019071
     Si 163        0.000004       -0.019770        0.000007
     Si 163        0.019071        0.000007       -0.002134
 
     Si 164       -0.019775       -0.000002       -0.000002
     Si 164       -0.000002        0.021909        0.019076
     Si 164       -0.000002        0.019076       -0.002134
 
     Si 165        0.013087        0.000001        0.025285
     Si 165        0.000001        0.008458        0.000005
     Si 165        0.025285        0.000005       -0.021545
 
     Si 166       -0.000179       -0.000000        0.006876
     Si 166       -0.000000        0.006434        0.000006
     Si 166        0.006876        0.000006       -0.006255
 
     Si 167        0.021906       -0.000004       -0.019076
     Si 167       -0.000004       -0.019772        0.000007
     Si 167       -0.019076        0.000007       -0.002134
 
     Si 168       -0.002797       -0.000000       -0.000000
     Si 168       -0.000000       -0.002059       -0.000008
     Si 168       -0.000000       -0.000008        0.004857
 
     Si 169        0.001778        0.001973        0.000224
     Si 169        0.001973       -0.005916        0.003389
     Si 169        0.000224        0.003389        0.004139
 
     Si 170        0.001785       -0.001970        0.000222
     Si 170       -0.001970       -0.005921       -0.003371
     Si 170        0.000222       -0.003371        0.004136
 
     Si 171        0.008463       -0.000000       -0.000001
     Si 171       -0.000000        0.013086        0.025291
     Si 171       -0.000001        0.025291       -0.021549
 
     Si 172        0.006443        0.000000       -0.000002
     Si 172        0.000000       -0.000185        0.006882
     Si 172       -0.000002        0.006882       -0.006258
 
     Si 173       -0.002060       -0.000000        0.000003
     Si 173       -0.000000       -0.002797       -0.000001
     Si 173        0.000003       -0.000001        0.004857
 
     Si 174       -0.019767        0.000001       -0.000002
     Si 174        0.000001        0.021901       -0.019071
     Si 174       -0.000002       -0.019071       -0.002134
 
     Si 175       -0.005919       -0.001973       -0.003382
     Si 175       -0.001973        0.001782        0.000213
     Si 175       -0.003382        0.000213        0.004137
 
     Si 176       -0.005920        0.001971        0.003377
     Si 176        0.001971        0.001784        0.000213
     Si 176        0.003377        0.000213        0.004136
 
     Si 177        0.000687       -0.001433        0.000504
     Si 177       -0.001433        0.007420        0.003349
     Si 177        0.000504        0.003349       -0.008107
 
     Si 178        0.003512       -0.000931       -0.001435
     Si 178       -0.000931       -0.002626        0.000590
     Si 178       -0.001435        0.000590       -0.000886
 
     Si 179        0.000692        0.001434        0.000504
     Si 179        0.001434        0.007414       -0.003340
     Si 179        0.000504       -0.003340       -0.008106
 
     Si 180        0.003507        0.000931       -0.001432
     Si 180        0.000931       -0.002628       -0.000574
     Si 180       -0.001432       -0.000574       -0.000879
 
     Si 181        0.013085       -0.000001       -0.025286
     Si 181       -0.000001        0.008462        0.000005
     Si 181       -0.025286        0.000005       -0.021547
 
     Si 182        0.001429       -0.000000       -0.000001
     Si 182       -0.000000        0.004236       -0.000005
     Si 182       -0.000001       -0.000005       -0.005665
 
     Si 183       -0.000182        0.000000       -0.006878
     Si 183        0.000000        0.006438        0.000006
     Si 183       -0.006878        0.000006       -0.006256
 
     Si 184       -0.014787        0.000000       -0.000002
     Si 184        0.000000        0.008773       -0.000005
     Si 184       -0.000002       -0.000005        0.006014
 
     Si 185        0.001780       -0.001974       -0.000219
     Si 185       -0.001974       -0.005917        0.003388
     Si 185       -0.000219        0.003388        0.004138
 
     Si 186       -0.003305        0.000001        0.000001
     Si 186        0.000001        0.000023       -0.002424
     Si 186        0.000001       -0.002424        0.003282
 
     Si 187       -0.003313       -0.000001        0.000001
     Si 187       -0.000001        0.000021        0.002415
     Si 187        0.000001        0.002415        0.003292
 
     Si 188        0.001786        0.001971       -0.000218
     Si 188        0.001971       -0.005921       -0.003371
     Si 188       -0.000218       -0.003371        0.004135
 
     Si 189        0.007421        0.001431       -0.003347
     Si 189        0.001431        0.000687        0.000497
     Si 189       -0.003347        0.000497       -0.008108
 
     Si 190       -0.002625        0.000932       -0.000586
     Si 190        0.000932        0.003516       -0.001441
     Si 190       -0.000586       -0.001441       -0.000891
 
     Si 191        0.007420       -0.001431        0.003344
     Si 191       -0.001431        0.000688        0.000497
     Si 191        0.003344        0.000497       -0.008108
 
     Si 192       -0.002626       -0.000932        0.000580
     Si 192       -0.000932        0.003515       -0.001440
     Si 192        0.000580       -0.001440       -0.000889
 
     Si 193        0.008774        0.000000        0.000001
     Si 193        0.000000       -0.014788        0.000006
     Si 193        0.000001        0.000006        0.006014
 
     Si 194        0.006429       -0.000000       -0.000002
     Si 194       -0.000000       -0.000175       -0.006873
     Si 194       -0.000002       -0.006873       -0.006254
 
     Si 195        0.004236        0.000000        0.000002
     Si 195        0.000000        0.001430        0.000004
     Si 195        0.000002        0.000004       -0.005665
 
     Si 196        0.008456        0.000001       -0.000001
     Si 196        0.000001        0.013087       -0.025281
     Si 196       -0.000001       -0.025281       -0.021543
 
     Si 197        0.000022       -0.000003       -0.002418
     Si 197       -0.000003       -0.003310       -0.000005
     Si 197       -0.002418       -0.000005        0.003288
 
     Si 198       -0.005918       -0.001971        0.003378
     Si 198       -0.001971        0.001782       -0.000227
     Si 198        0.003378       -0.000227        0.004136
 
     Si 199       -0.005917        0.001973       -0.003382
     Si 199        0.001973        0.001779       -0.000228
     Si 199       -0.003382       -0.000228        0.004138
 
     Si 200        0.000023        0.000003        0.002421
     Si 200        0.000003       -0.003307       -0.000005
     Si 200        0.002421       -0.000005        0.003285
 
     Si 201        0.000686        0.001431       -0.000500
     Si 201        0.001431        0.007422        0.003349
     Si 201       -0.000500        0.003349       -0.008108
 
     Si 202        0.001267        0.000001        0.000002
     Si 202        0.000001       -0.000843        0.000402
     Si 202        0.000002        0.000402       -0.000424
 
     Si 203       -0.003429        0.000001        0.000001
     Si 203        0.000001        0.003536        0.001431
     Si 203        0.000001        0.001431       -0.000107
 
     Si 204        0.003510       -0.000932        0.001436
     Si 204       -0.000932       -0.002627       -0.000574
     Si 204        0.001436       -0.000574       -0.000883
 
     Si 205        0.001258       -0.000001        0.000002
     Si 205       -0.000001       -0.000831       -0.000412
     Si 205        0.000002       -0.000412       -0.000426
 
     Si 206        0.000690       -0.001433       -0.000500
     Si 206       -0.001433        0.007417       -0.003341
     Si 206       -0.000500       -0.003341       -0.008107
 
     Si 207        0.003515        0.000931        0.001438
     Si 207        0.000931       -0.002625        0.000591
     Si 207        0.001438        0.000591       -0.000890
 
     Si 208       -0.003448       -0.000000        0.000001
     Si 208       -0.000000        0.003546       -0.001445
     Si 208        0.000001       -0.001445       -0.000098
 
     Si 209        0.003543       -0.000001        0.001440
     Si 209       -0.000001       -0.003442       -0.000004
     Si 209        0.001440       -0.000004       -0.000101
 
     Si 210       -0.002628       -0.000930       -0.000584
     Si 210       -0.000930        0.003508        0.001431
     Si 210       -0.000584        0.001431       -0.000880
 
     Si 211        0.007415        0.001434        0.003343
     Si 211        0.001434        0.000691       -0.000507
     Si 211        0.003343       -0.000507       -0.008106
 
     Si 212       -0.000836       -0.000002        0.000409
     Si 212       -0.000002        0.001261       -0.000005
     Si 212        0.000409       -0.000005       -0.000426
 
     Si 213       -0.002628        0.000930        0.000579
     Si 213        0.000930        0.003506        0.001430
     Si 213        0.000579        0.001430       -0.000878
 
     Si 214        0.003539        0.000001       -0.001436
     Si 214        0.000001       -0.003435       -0.000004
     Si 214       -0.001436       -0.000004       -0.000104
 
     Si 215       -0.000839        0.000002       -0.000406
     Si 215        0.000002        0.001264       -0.000005
     Si 215       -0.000406       -0.000005       -0.000425
 
     Si 216        0.007417       -0.001434       -0.003345
     Si 216       -0.001434        0.000690       -0.000507
     Si 216       -0.003345       -0.000507       -0.008106
 
     H  217        0.000000       -0.000000        0.000000
     H  217       -0.000000        0.000000        0.000000
     H  217        0.000000        0.000000       -0.000000
 
     ----- total EFG -----
     V    1       -0.008877        0.000022       -0.011811
     V    1        0.000022       -0.030585        0.000005
     V    1       -0.011811        0.000005        0.039462
 
     V    2        0.221597       -0.000002       -0.009013
     V    2       -0.000002       -0.109627       -0.000009
     V    2       -0.009013       -0.000009       -0.111970
 
     V    3        0.210551        0.000004       -0.015729
     V    3        0.000004       -0.102397       -0.000008
     V    3       -0.015729       -0.000008       -0.108155
 
     V    4        0.251920       -0.000006        0.000955
     V    4       -0.000006       -0.104616       -0.000021
     V    4        0.000955       -0.000021       -0.147303
 
     V    5       -0.030612       -0.000036       -0.000011
     V    5       -0.000036       -0.008860       -0.011786
     V    5       -0.000011       -0.011786        0.039472
 
     V    6       -0.117644       -0.006340       -0.005673
     V    6       -0.006340        0.204069        0.012129
     V    6       -0.005673        0.012129       -0.086425
 
     V    7       -0.030585        0.000036       -0.000011
     V    7        0.000036       -0.008892        0.011813
     V    7       -0.000011        0.011813        0.039478
 
     V    8       -0.117650        0.006336       -0.005655
     V    8        0.006336        0.204044       -0.012128
     V    8       -0.005655       -0.012128       -0.086394
 
     V    9       -0.089366        0.007191       -0.009243
     V    9        0.007191       -0.089413       -0.009241
     V    9       -0.009243       -0.009241        0.178779
 
     V   10       -0.128864       -0.007759       -0.013738
     V   10       -0.007759       -0.054953       -0.014094
     V   10       -0.013738       -0.014094        0.183817
 
     V   11       -0.128913        0.007768       -0.013734
     V   11        0.007768       -0.055047        0.013994
     V   11       -0.013734        0.013994        0.183960
 
     V   12       -0.089345       -0.007178       -0.009245
     V   12       -0.007178       -0.089317        0.009236
     V   12       -0.009245        0.009236        0.178662
 
     V   13       -0.102417        0.000031        0.000001
     V   13        0.000031        0.210634       -0.015730
     V   13        0.000001       -0.015730       -0.108217
 
     V   14       -0.104632       -0.000028        0.000007
     V   14       -0.000028        0.251895        0.000968
     V   14        0.000007        0.000968       -0.147263
 
     V   15       -0.109651        0.000036        0.000006
     V   15        0.000036        0.221690       -0.009038
     V   15        0.000006       -0.009038       -0.112039
 
     V   16        0.204188       -0.006399        0.012153
     V   16       -0.006399       -0.117775       -0.005675
     V   16        0.012153       -0.005675       -0.086414
 
     V   17        0.204229        0.006400       -0.012150
     V   17        0.006400       -0.117761       -0.005682
     V   17       -0.012150       -0.005682       -0.086468
 
     V   18       -0.008881       -0.000021        0.011794
     V   18       -0.000021       -0.030608        0.000005
     V   18        0.011794        0.000005        0.039489
 
     V   19       -0.089401       -0.007198        0.009231
     V   19       -0.007198       -0.089424       -0.009238
     V   19        0.009231       -0.009238        0.178825
 
     V   20       -0.054998        0.007782        0.014059
     V   20        0.007782       -0.128961       -0.013789
     V   20        0.014059       -0.013789        0.183959
 
     V   21       -0.055025       -0.007784       -0.014011
     V   21       -0.007784       -0.128980       -0.013790
     V   21       -0.014011       -0.013790        0.184006
 
     V   22        0.169372        0.000008       -0.007239
     V   22        0.000008       -0.071477       -0.000009
     V   22       -0.007239       -0.000009       -0.097895
 
     V   23        0.204675        0.000002        0.003135
     V   23        0.000002       -0.089765       -0.000007
     V   23        0.003135       -0.000007       -0.114910
 
     V   24       -0.117714       -0.006425        0.005658
     V   24       -0.006425        0.204126       -0.012134
     V   24        0.005658       -0.012134       -0.086412
 
     V   25       -0.117708        0.006429        0.005677
     V   25        0.006429        0.204151        0.012136
     V   25        0.005677        0.012136       -0.086442
 
     V   26       -0.076729        0.000001       -0.004803
     V   26        0.000001       -0.092558       -0.000019
     V   26       -0.004803       -0.000019        0.169287
 
     V   27       -0.088793        0.000002        0.000493
     V   27        0.000002       -0.087394       -0.000028
     V   27        0.000493       -0.000028        0.176187
 
     V   28       -0.089797        0.000035        0.000005
     V   28        0.000035        0.204798        0.003106
     V   28        0.000005        0.003106       -0.115001
 
     V   29       -0.071485       -0.000041        0.000003
     V   29       -0.000041        0.169371       -0.007234
     V   29        0.000003       -0.007234       -0.097886
 
     V   30        0.203966        0.006364        0.012128
     V   30        0.006364       -0.117599        0.005650
     V   30        0.012128        0.005650       -0.086367
 
     V   31        0.204007       -0.006365       -0.012124
     V   31       -0.006365       -0.117586        0.005657
     V   31       -0.012124        0.005657       -0.086422
 
     V   32       -0.092579       -0.000000       -0.000003
     V   32       -0.000000       -0.076803       -0.004759
     V   32       -0.000003       -0.004759        0.169382
 
     V   33       -0.087413       -0.000000        0.000016
     V   33       -0.000000       -0.088867        0.000460
     V   33        0.000016        0.000460        0.176280
 
     V   34        0.216633        0.010610       -0.006351
     V   34        0.010610       -0.118354        0.004097
     V   34       -0.006351        0.004097       -0.098278
 
     V   35        0.218641       -0.001249        0.008078
     V   35       -0.001249       -0.116968        0.001329
     V   35        0.008078        0.001329       -0.101673
 
     V   36        0.205059        0.021076        0.009465
     V   36        0.021076       -0.127343        0.002334
     V   36        0.009465        0.002334       -0.077716
 
     V   37        0.216778       -0.010654       -0.006358
     V   37       -0.010654       -0.118469       -0.004094
     V   37       -0.006358       -0.004094       -0.098309
 
     V   38        0.204885       -0.021025        0.009456
     V   38       -0.021025       -0.127191       -0.002355
     V   38        0.009456       -0.002355       -0.077693
 
     V   39        0.218856        0.001221        0.008079
     V   39        0.001221       -0.117123       -0.001340
     V   39        0.008079       -0.001340       -0.101733
 
     V   40       -0.080062       -0.001209       -0.002842
     V   40       -0.001209        0.178763       -0.002258
     V   40       -0.002842       -0.002258       -0.098701
 
     V   41       -0.071473        0.000041        0.000003
     V   41        0.000041        0.169336        0.007227
     V   41        0.000003        0.007227       -0.097863
 
     V   42       -0.127255        0.021029        0.002353
     V   42        0.021029        0.204927        0.009484
     V   42        0.002353        0.009484       -0.077672
 
     V   43       -0.127238       -0.020996        0.002347
     V   43       -0.020996        0.204916       -0.009462
     V   43        0.002347       -0.009462       -0.077677
 
     V   44       -0.080056        0.001233       -0.002835
     V   44        0.001233        0.178738        0.002300
     V   44       -0.002835        0.002300       -0.098682
 
     V   45       -0.104608        0.000028        0.000007
     V   45        0.000028        0.251886       -0.000962
     V   45        0.000007       -0.000962       -0.147279
 
     V   46       -0.118486        0.000005        0.000013
     V   46        0.000005       -0.101627       -0.009822
     V   46        0.000013       -0.009822        0.220113
 
     V   47       -0.118496       -0.000005        0.000013
     V   47       -0.000005       -0.101740        0.009793
     V   47        0.000013        0.009793        0.220236
 
     V   48       -0.089379        0.007185        0.009233
     V   48        0.007185       -0.089328        0.009233
     V   48        0.009233        0.009233        0.178707
 
     V   49       -0.128906        0.007771        0.013771
     V   49        0.007771       -0.054962       -0.014092
     V   49        0.013771       -0.014092        0.183868
 
     V   50       -0.092551        0.000000       -0.000003
     V   50        0.000000       -0.076692        0.004811
     V   50       -0.000003        0.004811        0.169243
 
     V   51       -0.128956       -0.007780        0.013767
     V   51       -0.007780       -0.055056        0.013991
     V   51        0.013767        0.013991        0.184011
 
     V   52       -0.117132       -0.001192        0.001340
     V   52       -0.001192        0.218916        0.008099
     V   52        0.001340        0.008099       -0.101784
 
     V   53       -0.118492        0.010682        0.004104
     V   53        0.010682        0.216862       -0.006374
     V   53        0.004104       -0.006374       -0.098369
 
     V   54       -0.127304       -0.021120       -0.002345
     V   54       -0.021120        0.204985        0.009483
     V   54       -0.002345        0.009483       -0.077681
 
     V   55       -0.117078        0.001279       -0.001340
     V   55        0.001279        0.218839        0.008099
     V   55       -0.001340        0.008099       -0.101762
 
     V   56       -0.118453       -0.010590       -0.004105
     V   56       -0.010590        0.216809       -0.006372
     V   56       -0.004105       -0.006372       -0.098356
 
     V   57        0.205013       -0.021091       -0.009474
     V   57       -0.021091       -0.127350        0.002337
     V   57       -0.009474        0.002337       -0.077663
 
     V   58        0.178877        0.001288        0.002270
     V   58        0.001288       -0.080148       -0.002864
     V   58        0.002270       -0.002864       -0.098729
 
     V   59        0.251863        0.000006       -0.000961
     V   59        0.000006       -0.104623       -0.000021
     V   59       -0.000961       -0.000021       -0.147240
 
     V   60        0.178824       -0.001296       -0.002284
     V   60       -0.001296       -0.080150       -0.002862
     V   60       -0.002284       -0.002862       -0.098674
 
     V   61        0.169337       -0.000008        0.007241
     V   61       -0.000008       -0.071485       -0.000009
     V   61        0.007241       -0.000009       -0.097852
 
     V   62       -0.076769       -0.000001        0.004769
     V   62       -0.000001       -0.092569       -0.000019
     V   62        0.004769       -0.000019        0.169338
 
     V   63       -0.054980       -0.007756        0.014075
     V   63       -0.007756       -0.128840        0.013715
     V   63        0.014075        0.013715        0.183820
 
     V   64       -0.055007        0.007758       -0.014026
     V   64        0.007758       -0.128859        0.013716
     V   64       -0.014026        0.013716        0.183866
 
     V   65       -0.101662        0.000014        0.009822
     V   65        0.000014       -0.118489       -0.000015
     V   65        0.009822       -0.000015        0.220151
 
     V   66       -0.101705       -0.000013       -0.009794
     V   66       -0.000013       -0.118494       -0.000015
     V   66       -0.009794       -0.000015        0.220199
 
     V   67        0.200733       -0.000136       -0.003310
     V   67       -0.000136       -0.096636        0.002188
     V   67       -0.003310        0.002188       -0.104097
 
     V   68        0.200846        0.000097       -0.003306
     V   68        0.000097       -0.096726       -0.002180
     V   68       -0.003306       -0.002180       -0.104120
 
     V   69        0.178733       -0.001243        0.002264
     V   69       -0.001243       -0.080018        0.002828
     V   69        0.002264        0.002828       -0.098715
 
     V   70       -0.080110        0.001305        0.002854
     V   70        0.001305        0.178819       -0.002263
     V   70        0.002854       -0.002263       -0.098709
 
     V   71       -0.127288        0.021087       -0.002339
     V   71        0.021087        0.204974       -0.009462
     V   71       -0.002339       -0.009462       -0.077687
 
     V   72       -0.080104       -0.001329        0.002847
     V   72       -0.001329        0.178793        0.002305
     V   72        0.002847        0.002305       -0.098690
 
     V   73       -0.108837        0.000000        0.000004
     V   73        0.000000       -0.088364        0.000008
     V   73        0.000004        0.000008        0.197201
 
     V   74       -0.088834       -0.000002       -0.000464
     V   74       -0.000002       -0.087409       -0.000028
     V   74       -0.000464       -0.000028        0.176243
 
     V   75       -0.094699        0.000000       -0.000020
     V   75        0.000000       -0.094697        0.000033
     V   75       -0.000020        0.000033        0.189396
 
     V   76       -0.096725       -0.000070        0.002187
     V   76       -0.000070        0.200901       -0.003287
     V   76        0.002187       -0.003287       -0.104177
 
     V   77       -0.096691        0.000162       -0.002188
     V   77        0.000162        0.200857       -0.003287
     V   77       -0.002188       -0.003287       -0.104166
 
     V   78        0.204839        0.021039       -0.009464
     V   78        0.021039       -0.127199       -0.002358
     V   78       -0.009464       -0.002358       -0.077640
 
     V   79        0.178679        0.001251       -0.002278
     V   79        0.001251       -0.080019        0.002827
     V   79       -0.002278        0.002827       -0.098661
 
     V   80       -0.087387        0.000000        0.000016
     V   80        0.000000       -0.088764       -0.000496
     V   80        0.000016       -0.000496        0.176151
 
     V   81       -0.088365        0.000000        0.000007
     V   81        0.000000       -0.108838        0.000010
     V   81        0.000007        0.000010        0.197203
 
     V   82        0.210615       -0.000004        0.015724
     V   82       -0.000004       -0.102400       -0.000008
     V   82        0.015724       -0.000008       -0.108216
 
     V   83        0.217734        0.000005       -0.008150
     V   83        0.000005       -0.102109        0.000021
     V   83       -0.008150        0.000021       -0.115626
 
     V   84        0.285433       -0.000004        0.002458
     V   84       -0.000004       -0.137031       -0.000001
     V   84        0.002458       -0.000001       -0.148402
 
     V   85        0.221693        0.000002        0.009019
     V   85        0.000002       -0.109644       -0.000009
     V   85        0.009019       -0.000009       -0.112049
 
     V   86       -0.137031       -0.000046       -0.000003
     V   86       -0.000046        0.285444       -0.002453
     V   86       -0.000003       -0.002453       -0.148413
 
     V   87       -0.118634       -0.003805        0.000669
     V   87       -0.003805        0.231311        0.004217
     V   87        0.000669        0.004217       -0.112676
 
     V   88       -0.137025        0.000046       -0.000003
     V   88        0.000046        0.285467        0.002444
     V   88       -0.000003        0.002444       -0.148441
 
     V   89       -0.118638        0.003806        0.000684
     V   89        0.003806        0.231293       -0.004211
     V   89        0.000684       -0.004211       -0.112655
 
     V   90       -0.084519       -0.003396       -0.014252
     V   90       -0.003396       -0.134688        0.000756
     V   90       -0.014252        0.000756        0.219208
 
     V   91       -0.126346       -0.004645        0.004460
     V   91       -0.004645       -0.126319       -0.004494
     V   91        0.004460       -0.004494        0.252665
 
     V   92       -0.126375        0.004673        0.004501
     V   92        0.004673       -0.126436        0.004408
     V   92        0.004501        0.004408        0.252811
 
     V   93       -0.084478        0.003405       -0.014248
     V   93        0.003405       -0.134556       -0.000733
     V   93       -0.014248       -0.000733        0.219034
 
     V   94       -0.109622       -0.000037        0.000006
     V   94       -0.000037        0.221600        0.009009
     V   94        0.000006        0.009009       -0.111979
 
     V   95       -0.102378       -0.000031        0.000001
     V   95       -0.000031        0.210530        0.015738
     V   95        0.000001        0.015738       -0.108152
 
     V   96       -0.102109        0.000033       -0.000006
     V   96        0.000033        0.217763       -0.008166
     V   96       -0.000006       -0.008166       -0.115654
 
     V   97        0.231434       -0.003876        0.004226
     V   97       -0.003876       -0.118755        0.000695
     V   97        0.004226        0.000695       -0.112679
 
     V   98        0.285473        0.000004       -0.002453
     V   98        0.000004       -0.137022       -0.000001
     V   98       -0.002453       -0.000001       -0.148451
 
     V   99        0.231476        0.003876       -0.004226
     V   99        0.003876       -0.118748        0.000689
     V   99       -0.004226        0.000689       -0.112728
 
     V  100       -0.134669        0.003398       -0.000748
     V  100        0.003398       -0.084562       -0.014228
     V  100       -0.000748       -0.014228        0.219230
 
     V  101       -0.126418       -0.004682       -0.004455
     V  101       -0.004682       -0.126447        0.004421
     V  101       -0.004455        0.004421        0.252865
 
     V  102       -0.134617       -0.003402        0.000722
     V  102       -0.003402       -0.084545       -0.014223
     V  102        0.000722       -0.014223        0.219162
 
     V  103        0.204778       -0.000002       -0.003126
     V  103       -0.000002       -0.089785       -0.000007
     V  103       -0.003126       -0.000007       -0.114994
 
     V  104        0.242228       -0.000002        0.004235
     V  104       -0.000002       -0.115047        0.000016
     V  104        0.004235        0.000016       -0.127181
 
     V  105       -0.118699       -0.003900       -0.000693
     V  105       -0.003900        0.231375       -0.004213
     V  105       -0.000693       -0.004213       -0.112675
 
     V  106       -0.118696        0.003899       -0.000677
     V  106        0.003899        0.231393        0.004219
     V  106       -0.000677        0.004219       -0.112697
 
     V  107       -0.110715        0.000002       -0.004861
     V  107        0.000002       -0.133739       -0.000003
     V  107       -0.004861       -0.000003        0.244454
 
     V  108       -0.106183        0.000006        0.001526
     V  108        0.000006       -0.121974       -0.000019
     V  108        0.001526       -0.000019        0.228158
 
     V  109       -0.115057        0.000040       -0.000004
     V  109        0.000040        0.242259        0.004223
     V  109       -0.000004        0.004223       -0.127203
 
     V  110       -0.089750       -0.000035        0.000005
     V  110       -0.000035        0.204655       -0.003141
     V  110        0.000005       -0.003141       -0.114905
 
     V  111        0.231207        0.003829        0.004220
     V  111        0.003829       -0.118584       -0.000673
     V  111        0.004220       -0.000673       -0.112623
 
     V  112        0.231250       -0.003829       -0.004221
     V  112       -0.003829       -0.118577       -0.000667
     V  112       -0.004221       -0.000667       -0.112673
 
     V  113       -0.133747       -0.000001       -0.000007
     V  113       -0.000001       -0.110755       -0.004800
     V  113       -0.000007       -0.004800        0.244501
 
     V  114       -0.121984       -0.000002        0.000014
     V  114       -0.000002       -0.106225        0.001508
     V  114        0.000014        0.001508        0.228210
 
     V  115        0.218953       -0.001222       -0.008092
     V  115       -0.001222       -0.117151       -0.001344
     V  115       -0.008092       -0.001344       -0.101802
 
     V  116        0.220345        0.003357       -0.002202
     V  116        0.003357       -0.111532        0.001292
     V  116       -0.002202        0.001292       -0.108813
 
     V  117        0.216885        0.010655        0.006363
     V  117        0.010655       -0.118500       -0.004098
     V  117        0.006363       -0.004098       -0.098385
 
     V  118        0.220469       -0.003396       -0.002224
     V  118       -0.003396       -0.111632       -0.001245
     V  118       -0.002224       -0.001245       -0.108837
 
     V  119        0.218737        0.001249       -0.008091
     V  119        0.001249       -0.116996        0.001333
     V  119       -0.008091        0.001333       -0.101741
 
     V  120        0.216740       -0.010611        0.006356
     V  120       -0.010611       -0.118385        0.004102
     V  120        0.006356        0.004102       -0.098354
 
     V  121       -0.102110       -0.000033       -0.000007
     V  121       -0.000033        0.217760        0.008153
     V  121       -0.000007        0.008153       -0.115650
 
     V  122       -0.110767       -0.001545       -0.000580
     V  122       -0.001545        0.223336        0.000334
     V  122       -0.000580        0.000334       -0.112569
 
     V  123       -0.111563        0.003336       -0.001273
     V  123        0.003336        0.220407        0.002233
     V  123       -0.001273        0.002233       -0.108844
 
     V  124       -0.111557       -0.003321       -0.001283
     V  124       -0.003321        0.220403       -0.002181
     V  124       -0.001283       -0.002181       -0.108846
 
     V  125       -0.115041       -0.000040       -0.000004
     V  125       -0.000040        0.242253       -0.004231
     V  125       -0.000004       -0.004231       -0.127212
 
     V  126       -0.110756        0.001547       -0.000566
     V  126        0.001547        0.223296       -0.000298
     V  126       -0.000566       -0.000298       -0.112539
 
     V  127       -0.084549        0.003395        0.014231
     V  127        0.003395       -0.134697        0.000751
     V  127        0.014231        0.000751        0.219246
 
     V  128       -0.121967        0.000002        0.000013
     V  128        0.000002       -0.106168       -0.001522
     V  128        0.000013       -0.001522        0.228134
 
     V  129       -0.084507       -0.003404        0.014227
     V  129       -0.003404       -0.134565       -0.000728
     V  129        0.014227       -0.000728        0.219072
 
     V  130       -0.126390        0.004654       -0.004415
     V  130        0.004654       -0.126330       -0.004507
     V  130       -0.004415       -0.004507        0.252720
 
     V  131       -0.098333        0.000002       -0.000009
     V  131        0.000002       -0.103467       -0.004517
     V  131       -0.000009       -0.004517        0.201800
 
     V  132       -0.098323       -0.000002       -0.000009
     V  132       -0.000002       -0.103392        0.004584
     V  132       -0.000009        0.004584        0.201714
 
     V  133       -0.118361        0.010583       -0.004092
     V  133        0.010583        0.216655        0.006354
     V  133       -0.004092        0.006354       -0.098294
 
     V  134       -0.116987       -0.001278       -0.001334
     V  134       -0.001278        0.218678       -0.008056
     V  134       -0.001334       -0.008056       -0.101691
 
     V  135       -0.111594        0.003412        0.001268
     V  135        0.003412        0.220451       -0.002190
     V  135        0.001268       -0.002190       -0.108857
 
     V  136       -0.118401       -0.010675        0.004091
     V  136       -0.010675        0.216707        0.006356
     V  136        0.004091        0.006356       -0.098306
 
     V  137       -0.117042        0.001191        0.001334
     V  137        0.001191        0.218755       -0.008056
     V  137        0.001334       -0.008056       -0.101714
 
     V  138        0.242282        0.000002       -0.004233
     V  138        0.000002       -0.115052        0.000016
     V  138       -0.004233        0.000016       -0.127230
 
     V  139        0.223409        0.001615       -0.000340
     V  139        0.001615       -0.110815       -0.000544
     V  139       -0.000340       -0.000544       -0.112593
 
     V  140        0.217791       -0.000005        0.008152
     V  140       -0.000005       -0.102112        0.000021
     V  140        0.008152        0.000021       -0.115678
 
     V  141        0.223351       -0.001615        0.000328
     V  141       -0.001615       -0.110816       -0.000540
     V  141        0.000328       -0.000540       -0.112535
 
     V  142        0.220517        0.003390        0.002205
     V  142        0.003390       -0.111629       -0.001248
     V  142        0.002205       -0.001248       -0.108888
 
     V  143       -0.103444        0.000008        0.004531
     V  143        0.000008       -0.098329        0.000008
     V  143        0.004531        0.000008        0.201773
 
     V  144       -0.103417       -0.000008       -0.004572
     V  144       -0.000008       -0.098324        0.000008
     V  144       -0.004572        0.000008        0.201741
 
     V  145       -0.134640       -0.003397       -0.000762
     V  145       -0.003397       -0.084479        0.014257
     V  145       -0.000762        0.014257        0.219119
 
     V  146       -0.134588        0.003401        0.000735
     V  146        0.003401       -0.084462        0.014252
     V  146        0.000735        0.014252        0.219050
 
     V  147       -0.106207       -0.000006       -0.001504
     V  147       -0.000006       -0.121979       -0.000019
     V  147       -0.001504       -0.000019        0.228185
 
     V  148        0.200928       -0.000097        0.003292
     V  148       -0.000097       -0.096740       -0.002182
     V  148        0.003292       -0.002182       -0.104188
 
     V  149        0.223260        0.001572        0.000312
     V  149        0.001572       -0.110739        0.000587
     V  149        0.000312        0.000587       -0.112521
 
     V  150        0.200816        0.000135        0.003296
     V  150        0.000135       -0.096650        0.002190
     V  150        0.003296        0.002190       -0.104165
 
     V  151       -0.111601       -0.003427        0.001258
     V  151       -0.003427        0.220455        0.002242
     V  151        0.001258        0.002242       -0.108854
 
     V  152       -0.110799        0.001640        0.000565
     V  152        0.001640        0.223374        0.000339
     V  152        0.000565        0.000339       -0.112576
 
     V  153       -0.110788       -0.001642        0.000551
     V  153       -0.001642        0.223334       -0.000303
     V  153        0.000551       -0.000303       -0.112546
 
     V  154       -0.110738       -0.000002        0.004821
     V  154       -0.000002       -0.133741       -0.000003
     V  154        0.004821       -0.000003        0.244479
 
     V  155       -0.107522       -0.000000        0.000001
     V  155       -0.000000       -0.107525        0.000017
     V  155        0.000001        0.000017        0.215047
 
     V  156       -0.104011       -0.000000       -0.000019
     V  156       -0.000000       -0.105884        0.000025
     V  156       -0.000019        0.000025        0.209895
 
     V  157       -0.096650       -0.000163       -0.002183
     V  157       -0.000163        0.200759        0.003329
     V  157       -0.002183        0.003329       -0.104109
 
     V  158       -0.096684        0.000071        0.002182
     V  158        0.000071        0.200804        0.003329
     V  158        0.002182        0.003329       -0.104120
 
     V  159        0.223317       -0.001572       -0.000324
     V  159       -0.001572       -0.110739        0.000591
     V  159       -0.000324        0.000591       -0.112578
 
     V  160        0.220393       -0.003351        0.002183
     V  160       -0.003351       -0.111529        0.001295
     V  160        0.002183        0.001295       -0.108864
 
     V  161       -0.105884       -0.000000       -0.000016
     V  161       -0.000000       -0.104007        0.000032
     V  161       -0.000016        0.000032        0.209892
 
     V  162       -0.133736        0.000001       -0.000007
     V  162        0.000001       -0.110693        0.004882
     V  162       -0.000007        0.004882        0.244429
 
     Si 163        0.025747        0.000003        0.022215
     Si 163        0.000003       -0.022966        0.000016
     Si 163        0.022215        0.000016       -0.002781
 
     Si 164       -0.022960       -0.000000       -0.000005
     Si 164       -0.000000        0.025740        0.022224
     Si 164       -0.000005        0.022224       -0.002781
 
     Si 165        0.014115       -0.000001        0.027464
     Si 165       -0.000001        0.009829        0.000006
     Si 165        0.027464        0.000006       -0.023944
 
     Si 166       -0.000402        0.000001        0.007486
     Si 166        0.000001        0.006659        0.000010
     Si 166        0.007486        0.000010       -0.006257
 
     Si 167        0.025741       -0.000003       -0.022221
     Si 167       -0.000003       -0.022961        0.000016
     Si 167       -0.022221        0.000016       -0.002781
 
     Si 168       -0.002604       -0.000000       -0.000001
     Si 168       -0.000000       -0.002551       -0.000009
     Si 168       -0.000001       -0.000009        0.005154
 
     Si 169        0.002323        0.002086        0.000306
     Si 169        0.002086       -0.006212        0.003686
     Si 169        0.000306        0.003686        0.003889
 
     Si 170        0.002320       -0.002082        0.000306
     Si 170       -0.002082       -0.006193       -0.003661
     Si 170        0.000306       -0.003661        0.003873
 
     Si 171        0.009839        0.000000       -0.000001
     Si 171        0.000000        0.014103        0.027475
     Si 171       -0.000001        0.027475       -0.023942
 
     Si 172        0.006674       -0.000000       -0.000003
     Si 172       -0.000000       -0.000422        0.007496
     Si 172       -0.000003        0.007496       -0.006253
 
     Si 173       -0.002551       -0.000000        0.000003
     Si 173       -0.000000       -0.002603        0.000003
     Si 173        0.000003        0.000003        0.005154
 
     Si 174       -0.022967        0.000000       -0.000005
     Si 174        0.000000        0.025748       -0.022213
     Si 174       -0.000005       -0.022213       -0.002781
 
     Si 175       -0.006199       -0.002085       -0.003679
     Si 175       -0.002085        0.002311        0.000295
     Si 175       -0.003679        0.000295        0.003887
 
     Si 176       -0.006191        0.002083        0.003672
     Si 176        0.002083        0.002311        0.000295
     Si 176        0.003672        0.000295        0.003881
 
     Si 177        0.000426       -0.001529        0.000540
     Si 177       -0.001529        0.008367        0.003719
     Si 177        0.000540        0.003719       -0.008793
 
     Si 178        0.003755       -0.000987       -0.001575
     Si 178       -0.000987       -0.002746        0.000615
     Si 178       -0.001575        0.000615       -0.001008
 
     Si 179        0.000422        0.001530        0.000535
     Si 179        0.001530        0.008382       -0.003701
     Si 179        0.000535       -0.003701       -0.008804
 
     Si 180        0.003755        0.000983       -0.001574
     Si 180        0.000983       -0.002768       -0.000591
     Si 180       -0.001574       -0.000591       -0.000987
 
     Si 181        0.014107        0.000001       -0.027468
     Si 181        0.000001        0.009836        0.000006
     Si 181       -0.027468        0.000006       -0.023942
 
     Si 182        0.001590        0.000000       -0.000002
     Si 182        0.000000        0.004365       -0.000009
     Si 182       -0.000002       -0.000009       -0.005955
 
     Si 183       -0.000412       -0.000002       -0.007490
     Si 183       -0.000002        0.006667        0.000010
     Si 183       -0.007490        0.000010       -0.006255
 
     Si 184       -0.015911        0.000000       -0.000003
     Si 184        0.000000        0.009355       -0.000012
     Si 184       -0.000003       -0.000012        0.006556
 
     Si 185        0.002318       -0.002087       -0.000301
     Si 185       -0.002087       -0.006208        0.003687
     Si 185       -0.000301        0.003687        0.003890
 
     Si 186       -0.003220        0.000001        0.000003
     Si 186        0.000001       -0.000035       -0.002614
     Si 186        0.000003       -0.002614        0.003255
 
     Si 187       -0.003214       -0.000001        0.000003
     Si 187       -0.000001       -0.000059        0.002592
     Si 187        0.000003        0.002592        0.003273
 
     Si 188        0.002315        0.002082       -0.000301
     Si 188        0.002082       -0.006188       -0.003663
     Si 188       -0.000301       -0.003663        0.003874
 
     Si 189        0.008380        0.001526       -0.003710
     Si 189        0.001526        0.000411        0.000528
     Si 189       -0.003710        0.000528       -0.008791
 
     Si 190       -0.002746        0.000988       -0.000608
     Si 190        0.000988        0.003749       -0.001588
     Si 190       -0.000608       -0.001588       -0.001003
 
     Si 191        0.008386       -0.001526        0.003705
     Si 191       -0.001526        0.000409        0.000526
     Si 191        0.003705        0.000526       -0.008795
 
     Si 192       -0.002754       -0.000986        0.000600
     Si 192       -0.000986        0.003750       -0.001588
     Si 192        0.000600       -0.001588       -0.000996
 
     Si 193        0.009356        0.000000        0.000004
     Si 193        0.000000       -0.015913        0.000008
     Si 193        0.000004        0.000008        0.006556
 
     Si 194        0.006652        0.000000       -0.000003
     Si 194        0.000000       -0.000392       -0.007481
     Si 194       -0.000003       -0.007481       -0.006260
 
     Si 195        0.004365        0.000000        0.000003
     Si 195        0.000000        0.001590        0.000007
     Si 195        0.000003        0.000007       -0.005955
 
     Si 196        0.009825       -0.000000       -0.000002
     Si 196       -0.000000        0.014121       -0.027457
     Si 196       -0.000002       -0.027457       -0.023946
 
     Si 197       -0.000051       -0.000002       -0.002598
     Si 197       -0.000002       -0.003216       -0.000009
     Si 197       -0.002598       -0.000009        0.003267
 
     Si 198       -0.006201       -0.002083        0.003670
     Si 198       -0.002083        0.002325       -0.000311
     Si 198        0.003670       -0.000311        0.003876
 
     Si 199       -0.006209        0.002085       -0.003676
     Si 199        0.002085        0.002326       -0.000312
     Si 199       -0.003676       -0.000312        0.003882
 
     Si 200       -0.000042        0.000002        0.002607
     Si 200        0.000002       -0.003218       -0.000009
     Si 200        0.002607       -0.000009        0.003261
 
     Si 201        0.000418        0.001527       -0.000535
     Si 201        0.001527        0.008372        0.003717
     Si 201       -0.000535        0.003717       -0.008790
 
     Si 202        0.001462        0.000000        0.000002
     Si 202        0.000000       -0.000966        0.000446
     Si 202        0.000002        0.000446       -0.000497
 
     Si 203       -0.003655        0.000000        0.000004
     Si 203        0.000000        0.003875        0.001533
     Si 203        0.000004        0.001533       -0.000220
 
     Si 204        0.003752       -0.000984        0.001581
     Si 204       -0.000984       -0.002764       -0.000592
     Si 204        0.001581       -0.000592       -0.000988
 
     Si 205        0.001459       -0.000000        0.000002
     Si 205       -0.000000       -0.000969       -0.000468
     Si 205        0.000002       -0.000468       -0.000490
 
     Si 206        0.000414       -0.001528       -0.000530
     Si 206       -0.001528        0.008387       -0.003699
     Si 206       -0.000530       -0.003699       -0.008801
 
     Si 207        0.003752        0.000988        0.001582
     Si 207        0.000988       -0.002742        0.000615
     Si 207        0.001582        0.000615       -0.001009
 
     Si 208       -0.003662       -0.000000        0.000004
     Si 208       -0.000000        0.003869       -0.001553
     Si 208        0.000004       -0.001553       -0.000207
 
     Si 209        0.003870       -0.000001        0.001547
     Si 209       -0.000001       -0.003660       -0.000011
     Si 209        0.001547       -0.000011       -0.000211
 
     Si 210       -0.002756       -0.000985       -0.000607
     Si 210       -0.000985        0.003757        0.001568
     Si 210       -0.000607        0.001568       -0.001000
 
     Si 211        0.008374        0.001531        0.003708
     Si 211        0.001531        0.000429       -0.000542
     Si 211        0.003708       -0.000542       -0.008803
 
     Si 212       -0.000968       -0.000000        0.000460
     Si 212       -0.000000        0.001461       -0.000006
     Si 212        0.000460       -0.000006       -0.000492
 
     Si 213       -0.002764        0.000983        0.000599
     Si 213        0.000983        0.003757        0.001568
     Si 213        0.000599        0.001568       -0.000993
 
     Si 214        0.003873        0.000001       -0.001540
     Si 214        0.000001       -0.003658       -0.000011
     Si 214       -0.001540       -0.000011       -0.000216
 
     Si 215       -0.000966        0.000000       -0.000453
     Si 215        0.000000        0.001461       -0.000006
     Si 215       -0.000453       -0.000006       -0.000495
 
     Si 216        0.008368       -0.001531       -0.003713
     Si 216       -0.001531        0.000431       -0.000544
     Si 216       -0.003713       -0.000544       -0.008799
 
     H  217       -0.034266        0.000000        0.000008
     H  217        0.000000       -0.034268       -0.000024
     H  217        0.000008       -0.000024        0.068534
 
     ----- total EFG (symmetrized) -----
     V    1       -0.008879        0.000000       -0.011803
     V    1        0.000000       -0.030597        0.000000
     V    1       -0.011803        0.000000        0.039476
 
     V    2        0.221645        0.000000       -0.009016
     V    2        0.000000       -0.109636        0.000000
     V    2       -0.009016        0.000000       -0.112009
 
     V    3        0.210583        0.000000       -0.015727
     V    3        0.000000       -0.102398        0.000000
     V    3       -0.015727        0.000000       -0.108185
 
     V    4        0.251891        0.000000        0.000958
     V    4        0.000000       -0.104619        0.000000
     V    4        0.000958        0.000000       -0.147272
 
     V    5       -0.030599        0.000000        0.000000
     V    5        0.000000       -0.008876       -0.011800
     V    5        0.000000       -0.011800        0.039475
 
     V    6       -0.117679       -0.006382       -0.005666
     V    6       -0.006382        0.204098        0.012132
     V    6       -0.005666        0.012132       -0.086418
 
     V    7       -0.030599        0.000000        0.000000
     V    7        0.000000       -0.008876        0.011800
     V    7        0.000000        0.011800        0.039475
 
     V    8       -0.117679        0.006382       -0.005666
     V    8        0.006382        0.204098       -0.012132
     V    8       -0.005666       -0.012132       -0.086418
 
     V    9       -0.089372        0.007188       -0.009238
     V    9        0.007188       -0.089371       -0.009237
     V    9       -0.009238       -0.009237        0.178743
 
     V   10       -0.128910       -0.007770       -0.013752
     V   10       -0.007770       -0.055004       -0.014043
     V   10       -0.013752       -0.014043        0.183914
 
     V   11       -0.128910        0.007770       -0.013752
     V   11        0.007770       -0.055004        0.014043
     V   11       -0.013752        0.014043        0.183914
 
     V   12       -0.089372       -0.007188       -0.009238
     V   12       -0.007188       -0.089371        0.009237
     V   12       -0.009238        0.009237        0.178743
 
     V   13       -0.102397        0.000000        0.000000
     V   13        0.000000        0.210582       -0.015734
     V   13        0.000000       -0.015734       -0.108185
 
     V   14       -0.104620        0.000000        0.000000
     V   14        0.000000        0.251891        0.000965
     V   14        0.000000        0.000965       -0.147271
 
     V   15       -0.109636        0.000000        0.000000
     V   15        0.000000        0.221645       -0.009024
     V   15        0.000000       -0.009024       -0.112009
 
     V   16        0.204098       -0.006382        0.012139
     V   16       -0.006382       -0.117680       -0.005666
     V   16        0.012139       -0.005666       -0.086418
 
     V   17        0.204098        0.006382       -0.012139
     V   17        0.006382       -0.117680       -0.005666
     V   17       -0.012139       -0.005666       -0.086418
 
     V   18       -0.008879        0.000000        0.011803
     V   18        0.000000       -0.030597        0.000000
     V   18        0.011803        0.000000        0.039476
 
     V   19       -0.089372       -0.007188        0.009238
     V   19       -0.007188       -0.089371       -0.009237
     V   19        0.009238       -0.009237        0.178743
 
     V   20       -0.055003        0.007770        0.014043
     V   20        0.007770       -0.128910       -0.013752
     V   20        0.014043       -0.013752        0.183913
 
     V   21       -0.055003       -0.007770       -0.014043
     V   21       -0.007770       -0.128910       -0.013752
     V   21       -0.014043       -0.013752        0.183913
 
     V   22        0.169354        0.000000       -0.007240
     V   22        0.000000       -0.071481        0.000000
     V   22       -0.007240        0.000000       -0.097874
 
     V   23        0.204726        0.000000        0.003130
     V   23        0.000000       -0.089775        0.000000
     V   23        0.003130        0.000000       -0.114952
 
     V   24       -0.117679       -0.006382        0.005666
     V   24       -0.006382        0.204098       -0.012132
     V   24        0.005666       -0.012132       -0.086418
 
     V   25       -0.117679        0.006382        0.005666
     V   25        0.006382        0.204098        0.012132
     V   25        0.005666        0.012132       -0.086418
 
     V   26       -0.076749        0.000000       -0.004786
     V   26        0.000000       -0.092564        0.000000
     V   26       -0.004786        0.000000        0.169313
 
     V   27       -0.088813        0.000000        0.000479
     V   27        0.000000       -0.087401        0.000000
     V   27        0.000479        0.000000        0.176215
 
     V   28       -0.089773        0.000000        0.000000
     V   28        0.000000        0.204726        0.003124
     V   28        0.000000        0.003124       -0.114953
 
     V   29       -0.071479        0.000000        0.000000
     V   29        0.000000        0.169353       -0.007231
     V   29        0.000000       -0.007231       -0.097874
 
     V   30        0.204098        0.006382        0.012139
     V   30        0.006382       -0.117680        0.005666
     V   30        0.012139        0.005666       -0.086418
 
     V   31        0.204098       -0.006382       -0.012139
     V   31       -0.006382       -0.117680        0.005666
     V   31       -0.012139        0.005666       -0.086418
 
     V   32       -0.092565        0.000000        0.000000
     V   32        0.000000       -0.076747       -0.004785
     V   32        0.000000       -0.004785        0.169312
 
     V   33       -0.087400        0.000000        0.000000
     V   33        0.000000       -0.088815        0.000478
     V   33        0.000000        0.000478        0.176215
 
     V   34        0.216759        0.010633       -0.006357
     V   34        0.010633       -0.118427        0.004098
     V   34       -0.006357        0.004098       -0.098331
 
     V   35        0.218797       -0.001235        0.008085
     V   35       -0.001235       -0.117060        0.001336
     V   35        0.008085        0.001336       -0.101737
 
     V   36        0.204949        0.021058        0.009465
     V   36        0.021058       -0.127271        0.002346
     V   36        0.009465        0.002346       -0.077678
 
     V   37        0.216759       -0.010633       -0.006357
     V   37       -0.010633       -0.118427       -0.004098
     V   37       -0.006357       -0.004098       -0.098331
 
     V   38        0.204949       -0.021058        0.009465
     V   38       -0.021058       -0.127271       -0.002346
     V   38        0.009465       -0.002346       -0.077678
 
     V   39        0.218797        0.001235        0.008085
     V   39        0.001235       -0.117060       -0.001336
     V   39        0.008085       -0.001336       -0.101737
 
     V   40       -0.080083       -0.001269       -0.002845
     V   40       -0.001269        0.178778       -0.002281
     V   40       -0.002845       -0.002281       -0.098695
 
     V   41       -0.071479        0.000000        0.000000
     V   41        0.000000        0.169353        0.007231
     V   41        0.000000        0.007231       -0.097874
 
     V   42       -0.127271        0.021058        0.002346
     V   42        0.021058        0.204951        0.009473
     V   42        0.002346        0.009473       -0.077679
 
     V   43       -0.127271       -0.021058        0.002346
     V   43       -0.021058        0.204951       -0.009473
     V   43        0.002346       -0.009473       -0.077679
 
     V   44       -0.080083        0.001269       -0.002845
     V   44        0.001269        0.178778        0.002281
     V   44       -0.002845        0.002281       -0.098695
 
     V   45       -0.104620        0.000000        0.000000
     V   45        0.000000        0.251891       -0.000965
     V   45        0.000000       -0.000965       -0.147271
 
     V   46       -0.118491        0.000000        0.000000
     V   46        0.000000       -0.101684       -0.009807
     V   46        0.000000       -0.009807        0.220175
 
     V   47       -0.118491        0.000000        0.000000
     V   47        0.000000       -0.101684        0.009807
     V   47        0.000000        0.009807        0.220175
 
     V   48       -0.089372        0.007188        0.009238
     V   48        0.007188       -0.089371        0.009237
     V   48        0.009238        0.009237        0.178743
 
     V   49       -0.128910        0.007770        0.013752
     V   49        0.007770       -0.055004       -0.014043
     V   49        0.013752       -0.014043        0.183914
 
     V   50       -0.092565        0.000000        0.000000
     V   50        0.000000       -0.076747        0.004785
     V   50        0.000000        0.004785        0.169312
 
     V   51       -0.128910       -0.007770        0.013752
     V   51       -0.007770       -0.055004        0.014043
     V   51        0.013752        0.014043        0.183914
 
     V   52       -0.117060       -0.001235        0.001337
     V   52       -0.001235        0.218797        0.008078
     V   52        0.001337        0.008078       -0.101738
 
     V   53       -0.118427        0.010632        0.004098
     V   53        0.010632        0.216758       -0.006364
     V   53        0.004098       -0.006364       -0.098331
 
     V   54       -0.127271       -0.021058       -0.002346
     V   54       -0.021058        0.204951        0.009473
     V   54       -0.002346        0.009473       -0.077679
 
     V   55       -0.117060        0.001235       -0.001337
     V   55        0.001235        0.218797        0.008078
     V   55       -0.001337        0.008078       -0.101738
 
     V   56       -0.118427       -0.010632       -0.004098
     V   56       -0.010632        0.216758       -0.006364
     V   56       -0.004098       -0.006364       -0.098331
 
     V   57        0.204949       -0.021058       -0.009465
     V   57       -0.021058       -0.127271        0.002346
     V   57       -0.009465        0.002346       -0.077678
 
     V   58        0.178778        0.001269        0.002274
     V   58        0.001269       -0.080084       -0.002845
     V   58        0.002274       -0.002845       -0.098695
 
     V   59        0.251891        0.000000       -0.000958
     V   59        0.000000       -0.104619        0.000000
     V   59       -0.000958        0.000000       -0.147272
 
     V   60        0.178778       -0.001269       -0.002274
     V   60       -0.001269       -0.080084       -0.002845
     V   60       -0.002274       -0.002845       -0.098695
 
     V   61        0.169354        0.000000        0.007240
     V   61        0.000000       -0.071481        0.000000
     V   61        0.007240        0.000000       -0.097874
 
     V   62       -0.076749        0.000000        0.004786
     V   62        0.000000       -0.092564        0.000000
     V   62        0.004786        0.000000        0.169313
 
     V   63       -0.055003       -0.007770        0.014043
     V   63       -0.007770       -0.128910        0.013752
     V   63        0.014043        0.013752        0.183913
 
     V   64       -0.055003        0.007770       -0.014043
     V   64        0.007770       -0.128910        0.013752
     V   64       -0.014043        0.013752        0.183913
 
     V   65       -0.101684        0.000000        0.009808
     V   65        0.000000       -0.118491        0.000000
     V   65        0.009808        0.000000        0.220175
 
     V   66       -0.101684        0.000000       -0.009808
     V   66        0.000000       -0.118491        0.000000
     V   66       -0.009808        0.000000        0.220175
 
     V   67        0.200831       -0.000116       -0.003301
     V   67       -0.000116       -0.096688        0.002185
     V   67       -0.003301        0.002185       -0.104143
 
     V   68        0.200831        0.000116       -0.003301
     V   68        0.000116       -0.096688       -0.002185
     V   68       -0.003301       -0.002185       -0.104143
 
     V   69        0.178778       -0.001269        0.002274
     V   69       -0.001269       -0.080084        0.002845
     V   69        0.002274        0.002845       -0.098695
 
     V   70       -0.080083        0.001269        0.002845
     V   70        0.001269        0.178778       -0.002281
     V   70        0.002845       -0.002281       -0.098695
 
     V   71       -0.127271        0.021058       -0.002346
     V   71        0.021058        0.204951       -0.009473
     V   71       -0.002346       -0.009473       -0.077679
 
     V   72       -0.080083       -0.001269        0.002845
     V   72       -0.001269        0.178778        0.002281
     V   72        0.002845        0.002281       -0.098695
 
     V   73       -0.108837        0.000000        0.000000
     V   73        0.000000       -0.088364        0.000000
     V   73        0.000000        0.000000        0.197201
 
     V   74       -0.088813        0.000000       -0.000479
     V   74        0.000000       -0.087401        0.000000
     V   74       -0.000479        0.000000        0.176215
 
     V   75       -0.094699        0.000000        0.000000
     V   75        0.000000       -0.094697        0.000000
     V   75        0.000000        0.000000        0.189396
 
     V   76       -0.096687       -0.000117        0.002185
     V   76       -0.000117        0.200830       -0.003308
     V   76        0.002185       -0.003308       -0.104143
 
     V   77       -0.096687        0.000117       -0.002185
     V   77        0.000117        0.200830       -0.003308
     V   77       -0.002185       -0.003308       -0.104143
 
     V   78        0.204949        0.021058       -0.009465
     V   78        0.021058       -0.127271       -0.002346
     V   78       -0.009465       -0.002346       -0.077678
 
     V   79        0.178778        0.001269       -0.002274
     V   79        0.001269       -0.080084        0.002845
     V   79       -0.002274        0.002845       -0.098695
 
     V   80       -0.087400        0.000000        0.000000
     V   80        0.000000       -0.088815       -0.000478
     V   80        0.000000       -0.000478        0.176215
 
     V   81       -0.088365        0.000000        0.000000
     V   81        0.000000       -0.108838        0.000000
     V   81        0.000000        0.000000        0.197203
 
     V   82        0.210583        0.000000        0.015727
     V   82        0.000000       -0.102398        0.000000
     V   82        0.015727        0.000000       -0.108185
 
     V   83        0.217762        0.000000       -0.008151
     V   83        0.000000       -0.102110        0.000000
     V   83       -0.008151        0.000000       -0.115652
 
     V   84        0.285453        0.000000        0.002456
     V   84        0.000000       -0.137027        0.000000
     V   84        0.002456        0.000000       -0.148426
 
     V   85        0.221645        0.000000        0.009016
     V   85        0.000000       -0.109636        0.000000
     V   85        0.009016        0.000000       -0.112009
 
     V   86       -0.137028        0.000000        0.000000
     V   86        0.000000        0.285455       -0.002449
     V   86        0.000000       -0.002449       -0.148427
 
     V   87       -0.118667       -0.003852        0.000681
     V   87       -0.003852        0.231343        0.004215
     V   87        0.000681        0.004215       -0.112676
 
     V   88       -0.137028        0.000000        0.000000
     V   88        0.000000        0.285455        0.002449
     V   88        0.000000        0.002449       -0.148427
 
     V   89       -0.118667        0.003852        0.000681
     V   89        0.003852        0.231343       -0.004215
     V   89        0.000681       -0.004215       -0.112676
 
     V   90       -0.084513       -0.003400       -0.014239
     V   90       -0.003400       -0.134627        0.000742
     V   90       -0.014239        0.000742        0.219140
 
     V   91       -0.126382       -0.004663        0.004458
     V   91       -0.004663       -0.126383       -0.004458
     V   91        0.004458       -0.004458        0.252765
 
     V   92       -0.126382        0.004663        0.004458
     V   92        0.004663       -0.126383        0.004458
     V   92        0.004458        0.004458        0.252765
 
     V   93       -0.084513        0.003400       -0.014239
     V   93        0.003400       -0.134627       -0.000742
     V   93       -0.014239       -0.000742        0.219140
 
     V   94       -0.109636        0.000000        0.000000
     V   94        0.000000        0.221645        0.009024
     V   94        0.000000        0.009024       -0.112009
 
     V   95       -0.102397        0.000000        0.000000
     V   95        0.000000        0.210582        0.015734
     V   95        0.000000        0.015734       -0.108185
 
     V   96       -0.102110        0.000000        0.000000
     V   96        0.000000        0.217762       -0.008160
     V   96        0.000000       -0.008160       -0.115652
 
     V   97        0.231342       -0.003853        0.004223
     V   97       -0.003853       -0.118666        0.000681
     V   97        0.004223        0.000681       -0.112676
 
     V   98        0.285453        0.000000       -0.002456
     V   98        0.000000       -0.137027        0.000000
     V   98       -0.002456        0.000000       -0.148426
 
     V   99        0.231342        0.003853       -0.004223
     V   99        0.003853       -0.118666        0.000681
     V   99       -0.004223        0.000681       -0.112676
 
     V  100       -0.134629        0.003400       -0.000742
     V  100        0.003400       -0.084512       -0.014240
     V  100       -0.000742       -0.014240        0.219140
 
     V  101       -0.126382       -0.004663       -0.004458
     V  101       -0.004663       -0.126383        0.004458
     V  101       -0.004458        0.004458        0.252765
 
     V  102       -0.134629       -0.003400        0.000742
     V  102       -0.003400       -0.084512       -0.014240
     V  102        0.000742       -0.014240        0.219140
 
     V  103        0.204726        0.000000       -0.003130
     V  103        0.000000       -0.089775        0.000000
     V  103       -0.003130        0.000000       -0.114952
 
     V  104        0.242255        0.000000        0.004234
     V  104        0.000000       -0.115049        0.000000
     V  104        0.004234        0.000000       -0.127206
 
     V  105       -0.118667       -0.003852       -0.000681
     V  105       -0.003852        0.231343       -0.004215
     V  105       -0.000681       -0.004215       -0.112676
 
     V  106       -0.118667        0.003852       -0.000681
     V  106        0.003852        0.231343        0.004215
     V  106       -0.000681        0.004215       -0.112676
 
     V  107       -0.110727        0.000000       -0.004841
     V  107        0.000000       -0.133740        0.000000
     V  107       -0.004841        0.000000        0.244467
 
     V  108       -0.106195        0.000000        0.001515
     V  108        0.000000       -0.121976        0.000000
     V  108        0.001515        0.000000        0.228171
 
     V  109       -0.115049        0.000000        0.000000
     V  109        0.000000        0.242256        0.004227
     V  109        0.000000        0.004227       -0.127207
 
     V  110       -0.089773        0.000000        0.000000
     V  110        0.000000        0.204726       -0.003124
     V  110        0.000000       -0.003124       -0.114953
 
     V  111        0.231342        0.003853        0.004223
     V  111        0.003853       -0.118666       -0.000681
     V  111        0.004223       -0.000681       -0.112676
 
     V  112        0.231342       -0.003853       -0.004223
     V  112       -0.003853       -0.118666       -0.000681
     V  112       -0.004223       -0.000681       -0.112676
 
     V  113       -0.133742        0.000000        0.000000
     V  113        0.000000       -0.110724       -0.004841
     V  113        0.000000       -0.004841        0.244465
 
     V  114       -0.121976        0.000000        0.000000
     V  114        0.000000       -0.106197        0.001515
     V  114        0.000000        0.001515        0.228172
 
     V  115        0.218797       -0.001235       -0.008085
     V  115       -0.001235       -0.117060       -0.001336
     V  115       -0.008085       -0.001336       -0.101737
 
     V  116        0.220431        0.003374       -0.002203
     V  116        0.003374       -0.111580        0.001270
     V  116       -0.002203        0.001270       -0.108851
 
     V  117        0.216759        0.010633        0.006357
     V  117        0.010633       -0.118427       -0.004098
     V  117        0.006357       -0.004098       -0.098331
 
     V  118        0.220431       -0.003374       -0.002203
     V  118       -0.003374       -0.111580       -0.001270
     V  118       -0.002203       -0.001270       -0.108851
 
     V  119        0.218797        0.001235       -0.008085
     V  119        0.001235       -0.117060        0.001336
     V  119       -0.008085        0.001336       -0.101737
 
     V  120        0.216759       -0.010633        0.006357
     V  120       -0.010633       -0.118427        0.004098
     V  120        0.006357        0.004098       -0.098331
 
     V  121       -0.102110        0.000000        0.000000
     V  121        0.000000        0.217762        0.008160
     V  121        0.000000        0.008160       -0.115652
 
     V  122       -0.110777       -0.001594       -0.000566
     V  122       -0.001594        0.223335        0.000318
     V  122       -0.000566        0.000318       -0.112557
 
     V  123       -0.111579        0.003374       -0.001270
     V  123        0.003374        0.220429        0.002211
     V  123       -0.001270        0.002211       -0.108850
 
     V  124       -0.111579       -0.003374       -0.001270
     V  124       -0.003374        0.220429       -0.002211
     V  124       -0.001270       -0.002211       -0.108850
 
     V  125       -0.115049        0.000000        0.000000
     V  125        0.000000        0.242256       -0.004227
     V  125        0.000000       -0.004227       -0.127207
 
     V  126       -0.110777        0.001594       -0.000566
     V  126        0.001594        0.223335       -0.000318
     V  126       -0.000566       -0.000318       -0.112557
 
     V  127       -0.084513        0.003400        0.014239
     V  127        0.003400       -0.134627        0.000742
     V  127        0.014239        0.000742        0.219140
 
     V  128       -0.121976        0.000000        0.000000
     V  128        0.000000       -0.106197       -0.001515
     V  128        0.000000       -0.001515        0.228172
 
     V  129       -0.084513       -0.003400        0.014239
     V  129       -0.003400       -0.134627       -0.000742
     V  129        0.014239       -0.000742        0.219140
 
     V  130       -0.126382        0.004663       -0.004458
     V  130        0.004663       -0.126383       -0.004458
     V  130       -0.004458       -0.004458        0.252765
 
     V  131       -0.098328        0.000000        0.000000
     V  131        0.000000       -0.103429       -0.004550
     V  131        0.000000       -0.004550        0.201757
 
     V  132       -0.098328        0.000000        0.000000
     V  132        0.000000       -0.103429        0.004550
     V  132        0.000000        0.004550        0.201757
 
     V  133       -0.118427        0.010632       -0.004098
     V  133        0.010632        0.216758        0.006364
     V  133       -0.004098        0.006364       -0.098331
 
     V  134       -0.117060       -0.001235       -0.001337
     V  134       -0.001235        0.218797       -0.008078
     V  134       -0.001337       -0.008078       -0.101738
 
     V  135       -0.111579        0.003374        0.001270
     V  135        0.003374        0.220429       -0.002211
     V  135        0.001270       -0.002211       -0.108850
 
     V  136       -0.118427       -0.010632        0.004098
     V  136       -0.010632        0.216758        0.006364
     V  136        0.004098        0.006364       -0.098331
 
     V  137       -0.117060        0.001235        0.001337
     V  137        0.001235        0.218797       -0.008078
     V  137        0.001337       -0.008078       -0.101738
 
     V  138        0.242255        0.000000       -0.004234
     V  138        0.000000       -0.115049        0.000000
     V  138       -0.004234        0.000000       -0.127206
 
     V  139        0.223334        0.001594       -0.000326
     V  139        0.001594       -0.110777       -0.000565
     V  139       -0.000326       -0.000565       -0.112557
 
     V  140        0.217762        0.000000        0.008151
     V  140        0.000000       -0.102110        0.000000
     V  140        0.008151        0.000000       -0.115652
 
     V  141        0.223334       -0.001594        0.000326
     V  141       -0.001594       -0.110777       -0.000565
     V  141        0.000326       -0.000565       -0.112557
 
     V  142        0.220431        0.003374        0.002203
     V  142        0.003374       -0.111580       -0.001270
     V  142        0.002203       -0.001270       -0.108851
 
     V  143       -0.103430        0.000000        0.004551
     V  143        0.000000       -0.098327        0.000000
     V  143        0.004551        0.000000        0.201757
 
     V  144       -0.103430        0.000000       -0.004551
     V  144        0.000000       -0.098327        0.000000
     V  144       -0.004551        0.000000        0.201757
 
     V  145       -0.134629       -0.003400       -0.000742
     V  145       -0.003400       -0.084512        0.014240
     V  145       -0.000742        0.014240        0.219140
 
     V  146       -0.134629        0.003400        0.000742
     V  146        0.003400       -0.084512        0.014240
     V  146        0.000742        0.014240        0.219140
 
     V  147       -0.106195        0.000000       -0.001515
     V  147        0.000000       -0.121976        0.000000
     V  147       -0.001515        0.000000        0.228171
 
     V  148        0.200831       -0.000116        0.003301
     V  148       -0.000116       -0.096688       -0.002185
     V  148        0.003301       -0.002185       -0.104143
 
     V  149        0.223334        0.001594        0.000326
     V  149        0.001594       -0.110777        0.000565
     V  149        0.000326        0.000565       -0.112557
 
     V  150        0.200831        0.000116        0.003301
     V  150        0.000116       -0.096688        0.002185
     V  150        0.003301        0.002185       -0.104143
 
     V  151       -0.111579       -0.003374        0.001270
     V  151       -0.003374        0.220429        0.002211
     V  151        0.001270        0.002211       -0.108850
 
     V  152       -0.110777        0.001594        0.000566
     V  152        0.001594        0.223335        0.000318
     V  152        0.000566        0.000318       -0.112557
 
     V  153       -0.110777       -0.001594        0.000566
     V  153       -0.001594        0.223335       -0.000318
     V  153        0.000566       -0.000318       -0.112557
 
     V  154       -0.110727        0.000000        0.004841
     V  154        0.000000       -0.133740        0.000000
     V  154        0.004841        0.000000        0.244467
 
     V  155       -0.107522        0.000000        0.000000
     V  155        0.000000       -0.107525        0.000000
     V  155        0.000000        0.000000        0.215047
 
     V  156       -0.104011        0.000000        0.000000
     V  156        0.000000       -0.105884        0.000000
     V  156        0.000000        0.000000        0.209895
 
     V  157       -0.096687       -0.000117       -0.002185
     V  157       -0.000117        0.200830        0.003308
     V  157       -0.002185        0.003308       -0.104143
 
     V  158       -0.096687        0.000117        0.002185
     V  158        0.000117        0.200830        0.003308
     V  158        0.002185        0.003308       -0.104143
 
     V  159        0.223334       -0.001594       -0.000326
     V  159       -0.001594       -0.110777        0.000565
     V  159       -0.000326        0.000565       -0.112557
 
     V  160        0.220431       -0.003374        0.002203
     V  160       -0.003374       -0.111580        0.001270
     V  160        0.002203        0.001270       -0.108851
 
     V  161       -0.105884        0.000000        0.000000
     V  161        0.000000       -0.104007        0.000000
     V  161        0.000000        0.000000        0.209892
 
     V  162       -0.133742        0.000000        0.000000
     V  162        0.000000       -0.110724        0.004841
     V  162        0.000000        0.004841        0.244465
 
     Si 163        0.025744        0.000000        0.022218
     Si 163        0.000000       -0.022963        0.000000
     Si 163        0.022218        0.000000       -0.002781
 
     Si 164       -0.022963        0.000000        0.000000
     Si 164        0.000000        0.025744        0.022219
     Si 164        0.000000        0.022219       -0.002781
 
     Si 165        0.014111        0.000000        0.027466
     Si 165        0.000000        0.009832        0.000000
     Si 165        0.027466        0.000000       -0.023943
 
     Si 166       -0.000407        0.000000        0.007488
     Si 166        0.000000        0.006663        0.000000
     Si 166        0.007488        0.000000       -0.006256
 
     Si 167        0.025744        0.000000       -0.022218
     Si 167        0.000000       -0.022963        0.000000
     Si 167       -0.022218        0.000000       -0.002781
 
     Si 168       -0.002604        0.000000        0.000000
     Si 168        0.000000       -0.002551        0.000000
     Si 168        0.000000        0.000000        0.005154
 
     Si 169        0.002319        0.002084        0.000304
     Si 169        0.002084       -0.006200        0.003674
     Si 169        0.000304        0.003674        0.003881
 
     Si 170        0.002319       -0.002084        0.000304
     Si 170       -0.002084       -0.006200       -0.003674
     Si 170        0.000304       -0.003674        0.003881
 
     Si 171        0.009832        0.000000        0.000000
     Si 171        0.000000        0.014112        0.027466
     Si 171        0.000000        0.027466       -0.023944
 
     Si 172        0.006663        0.000000        0.000000
     Si 172        0.000000       -0.000407        0.007489
     Si 172        0.000000        0.007489       -0.006256
 
     Si 173       -0.002551        0.000000        0.000000
     Si 173        0.000000       -0.002603        0.000000
     Si 173        0.000000        0.000000        0.005154
 
     Si 174       -0.022963        0.000000        0.000000
     Si 174        0.000000        0.025744       -0.022219
     Si 174        0.000000       -0.022219       -0.002781
 
     Si 175       -0.006200       -0.002084       -0.003674
     Si 175       -0.002084        0.002318        0.000303
     Si 175       -0.003674        0.000303        0.003882
 
     Si 176       -0.006200        0.002084        0.003674
     Si 176        0.002084        0.002318        0.000303
     Si 176        0.003674        0.000303        0.003882
 
     Si 177        0.000420       -0.001528        0.000535
     Si 177       -0.001528        0.008377        0.003709
     Si 177        0.000535        0.003709       -0.008797
 
     Si 178        0.003753       -0.000985       -0.001578
     Si 178       -0.000985       -0.002755        0.000603
     Si 178       -0.001578        0.000603       -0.000998
 
     Si 179        0.000420        0.001528        0.000535
     Si 179        0.001528        0.008377       -0.003709
     Si 179        0.000535       -0.003709       -0.008797
 
     Si 180        0.003753        0.000985       -0.001578
     Si 180        0.000985       -0.002755       -0.000603
     Si 180       -0.001578       -0.000603       -0.000998
 
     Si 181        0.014111        0.000000       -0.027466
     Si 181        0.000000        0.009832        0.000000
     Si 181       -0.027466        0.000000       -0.023943
 
     Si 182        0.001590        0.000000        0.000000
     Si 182        0.000000        0.004365        0.000000
     Si 182        0.000000        0.000000       -0.005955
 
     Si 183       -0.000407        0.000000       -0.007488
     Si 183        0.000000        0.006663        0.000000
     Si 183       -0.007488        0.000000       -0.006256
 
     Si 184       -0.015911        0.000000        0.000000
     Si 184        0.000000        0.009355        0.000000
     Si 184        0.000000        0.000000        0.006556
 
     Si 185        0.002319       -0.002084       -0.000304
     Si 185       -0.002084       -0.006200        0.003674
     Si 185       -0.000304        0.003674        0.003881
 
     Si 186       -0.003217        0.000000        0.000000
     Si 186        0.000000       -0.000047       -0.002603
     Si 186        0.000000       -0.002603        0.003264
 
     Si 187       -0.003217        0.000000        0.000000
     Si 187        0.000000       -0.000047        0.002603
     Si 187        0.000000        0.002603        0.003264
 
     Si 188        0.002319        0.002084       -0.000304
     Si 188        0.002084       -0.006200       -0.003674
     Si 188       -0.000304       -0.003674        0.003881
 
     Si 189        0.008377        0.001528       -0.003709
     Si 189        0.001528        0.000420        0.000535
     Si 189       -0.003709        0.000535       -0.008797
 
     Si 190       -0.002755        0.000985       -0.000603
     Si 190        0.000985        0.003753       -0.001578
     Si 190       -0.000603       -0.001578       -0.000998
 
     Si 191        0.008377       -0.001528        0.003709
     Si 191       -0.001528        0.000420        0.000535
     Si 191        0.003709        0.000535       -0.008797
 
     Si 192       -0.002755       -0.000985        0.000603
     Si 192       -0.000985        0.003753       -0.001578
     Si 192        0.000603       -0.001578       -0.000998
 
     Si 193        0.009356        0.000000        0.000000
     Si 193        0.000000       -0.015913        0.000000
     Si 193        0.000000        0.000000        0.006556
 
     Si 194        0.006663        0.000000        0.000000
     Si 194        0.000000       -0.000407       -0.007489
     Si 194        0.000000       -0.007489       -0.006256
 
     Si 195        0.004365        0.000000        0.000000
     Si 195        0.000000        0.001590        0.000000
     Si 195        0.000000        0.000000       -0.005955
 
     Si 196        0.009832        0.000000        0.000000
     Si 196        0.000000        0.014112       -0.027466
     Si 196        0.000000       -0.027466       -0.023944
 
     Si 197       -0.000047        0.000000       -0.002602
     Si 197        0.000000       -0.003217        0.000000
     Si 197       -0.002602        0.000000        0.003264
 
     Si 198       -0.006200       -0.002084        0.003674
     Si 198       -0.002084        0.002318       -0.000303
     Si 198        0.003674       -0.000303        0.003882
 
     Si 199       -0.006200        0.002084       -0.003674
     Si 199        0.002084        0.002318       -0.000303
     Si 199       -0.003674       -0.000303        0.003882
 
     Si 200       -0.000047        0.000000        0.002602
     Si 200        0.000000       -0.003217        0.000000
     Si 200        0.002602        0.000000        0.003264
 
     Si 201        0.000420        0.001528       -0.000535
     Si 201        0.001528        0.008377        0.003709
     Si 201       -0.000535        0.003709       -0.008797
 
     Si 202        0.001461        0.000000        0.000000
     Si 202        0.000000       -0.000967        0.000457
     Si 202        0.000000        0.000457       -0.000494
 
     Si 203       -0.003659        0.000000        0.000000
     Si 203        0.000000        0.003872        0.001543
     Si 203        0.000000        0.001543       -0.000214
 
     Si 204        0.003753       -0.000985        0.001578
     Si 204       -0.000985       -0.002755       -0.000603
     Si 204        0.001578       -0.000603       -0.000998
 
     Si 205        0.001461        0.000000        0.000000
     Si 205        0.000000       -0.000967       -0.000457
     Si 205        0.000000       -0.000457       -0.000494
 
     Si 206        0.000420       -0.001528       -0.000535
     Si 206       -0.001528        0.008377       -0.003709
     Si 206       -0.000535       -0.003709       -0.008797
 
     Si 207        0.003753        0.000985        0.001578
     Si 207        0.000985       -0.002755        0.000603
     Si 207        0.001578        0.000603       -0.000998
 
     Si 208       -0.003659        0.000000        0.000000
     Si 208        0.000000        0.003872       -0.001543
     Si 208        0.000000       -0.001543       -0.000214
 
     Si 209        0.003872        0.000000        0.001543
     Si 209        0.000000       -0.003659        0.000000
     Si 209        0.001543        0.000000       -0.000213
 
     Si 210       -0.002755       -0.000985       -0.000603
     Si 210       -0.000985        0.003753        0.001578
     Si 210       -0.000603        0.001578       -0.000998
 
     Si 211        0.008377        0.001528        0.003709
     Si 211        0.001528        0.000420       -0.000535
     Si 211        0.003709       -0.000535       -0.008797
 
     Si 212       -0.000967        0.000000        0.000457
     Si 212        0.000000        0.001461        0.000000
     Si 212        0.000457        0.000000       -0.000494
 
     Si 213       -0.002755        0.000985        0.000603
     Si 213        0.000985        0.003753        0.001578
     Si 213        0.000603        0.001578       -0.000998
 
     Si 214        0.003872        0.000000       -0.001543
     Si 214        0.000000       -0.003659        0.000000
     Si 214       -0.001543        0.000000       -0.000213
 
     Si 215       -0.000967        0.000000       -0.000457
     Si 215        0.000000        0.001461        0.000000
     Si 215       -0.000457        0.000000       -0.000494
 
     Si 216        0.008377       -0.001528       -0.003709
     Si 216       -0.001528        0.000420       -0.000535
     Si 216       -0.003709       -0.000535       -0.008797
 
     H  217       -0.034266        0.000000        0.000000
     H  217        0.000000       -0.034268        0.000000
     H  217        0.000000        0.000000        0.068534
 
 
     NQR/NMR SPECTROSCOPIC PARAMETERS:
     V    1    Vxx=   -0.0116    axis=( -0.974330  0.000000 -0.225123)
     V    1    Vyy=   -0.0306    axis=(  0.000000  1.000000  0.000000)
     V    1    Vzz=    0.0422    axis=( -0.225123  0.000000  0.974330)
     V    1  Q=         5.0000 1e-30 m^2  Cq=         0.4958 MHz  eta= 0.44998
 
     V    2    Vxx=   -0.1096    axis=(  0.000000  1.000000  0.000000)
     V    2    Vyy=   -0.1123    axis=( -0.026992  0.000000 -0.999636)
     V    2    Vzz=    0.2219    axis=( -0.999636  0.000000  0.026992)
     V    2  Q=         5.0000 1e-30 m^2  Cq=         2.6067 MHz  eta= 0.01179
 
     V    3    Vxx=   -0.1024    axis=(  0.000000  1.000000  0.000000)
     V    3    Vyy=   -0.1090    axis=( -0.049156  0.000000 -0.998791)
     V    3    Vzz=    0.2114    axis=( -0.998791  0.000000  0.049156)
     V    3  Q=         5.0000 1e-30 m^2  Cq=         2.4830 MHz  eta= 0.03104
 
     V    4    Vxx=   -0.1046    axis=(  0.000000 -1.000000  0.000000)
     V    4    Vyy=   -0.1473    axis=(  0.002400  0.000000 -0.999997)
     V    4    Vzz=    0.2519    axis=(  0.999997  0.000000  0.002400)
     V    4  Q=         5.0000 1e-30 m^2  Cq=         2.9592 MHz  eta= 0.16934
 
     V    5    Vxx=   -0.0116    axis=(  0.000000 -0.974339 -0.225086)
     V    5    Vyy=   -0.0306    axis=(  1.000000  0.000000  0.000000)
     V    5    Vzz=    0.0422    axis=(  0.000000 -0.225086  0.974339)
     V    5  Q=         5.0000 1e-30 m^2  Cq=         0.4958 MHz  eta= 0.45015
 
     V    6    Vxx=   -0.0860    axis=(  0.167164  0.044864 -0.984908)
     V    6    Vyy=   -0.1187    axis=(  0.985716  0.013178  0.167901)
     V    6    Vzz=    0.2047    axis=( -0.020512  0.998906  0.042021)
     V    6  Q=         5.0000 1e-30 m^2  Cq=         2.4053 MHz  eta= 0.15981
 
     V    7    Vxx=   -0.0116    axis=(  0.000000 -0.974339  0.225086)
     V    7    Vyy=   -0.0306    axis=(  1.000000  0.000000  0.000000)
     V    7    Vzz=    0.0422    axis=(  0.000000  0.225086  0.974339)
     V    7  Q=         5.0000 1e-30 m^2  Cq=         0.4958 MHz  eta= 0.45015
 
     V    8    Vxx=   -0.0860    axis=( -0.167164  0.044864  0.984908)
     V    8    Vyy=   -0.1187    axis=(  0.985716 -0.013178  0.167901)
     V    8    Vzz=    0.2047    axis=( -0.020512 -0.998906  0.042021)
     V    8  Q=         5.0000 1e-30 m^2  Cq=         2.4053 MHz  eta= 0.15981
 
     V    9    Vxx=   -0.0828    axis=(  0.706178  0.706275  0.049881)
     V    9    Vyy=   -0.0966    axis=(  0.707155 -0.707059  0.000005)
     V    9    Vzz=    0.1794    axis=( -0.035272 -0.035270  0.998755)
     V    9  Q=         5.0000 1e-30 m^2  Cq=         2.1075 MHz  eta= 0.07650
 
     V   10    Vxx=   -0.0548    axis=(  0.113702 -0.992163 -0.051805)
     V   10    Vyy=   -0.1305    axis=(  0.992616  0.111228  0.048392)
     V   10    Vzz=    0.1853    axis=( -0.042250 -0.056925  0.997484)
     V   10  Q=         5.0000 1e-30 m^2  Cq=         2.1769 MHz  eta= 0.40801
 
     V   11    Vxx=   -0.0548    axis=(  0.113702  0.992163 -0.051805)
     V   11    Vyy=   -0.1305    axis=( -0.992616  0.111228 -0.048392)
     V   11    Vzz=    0.1853    axis=( -0.042250  0.056925  0.997484)
     V   11  Q=         5.0000 1e-30 m^2  Cq=         2.1769 MHz  eta= 0.40801
 
     V   12    Vxx=   -0.0828    axis=( -0.706178  0.706275 -0.049881)
     V   12    Vyy=   -0.0966    axis=(  0.707155  0.707059  0.000005)
     V   12    Vzz=    0.1794    axis=( -0.035272  0.035270  0.998755)
     V   12  Q=         5.0000 1e-30 m^2  Cq=         2.1075 MHz  eta= 0.07650
 
     V   13    Vxx=   -0.1024    axis=(  1.000000  0.000000  0.000000)
     V   13    Vyy=   -0.1090    axis=(  0.000000 -0.049180 -0.998790)
     V   13    Vzz=    0.2114    axis=(  0.000000 -0.998790  0.049180)
     V   13  Q=         5.0000 1e-30 m^2  Cq=         2.4830 MHz  eta= 0.03105
 
     V   14    Vxx=   -0.1046    axis=(  1.000000  0.000000  0.000000)
     V   14    Vyy=   -0.1473    axis=(  0.000000  0.002418 -0.999997)
     V   14    Vzz=    0.2519    axis=(  0.000000 -0.999997 -0.002418)
     V   14  Q=         5.0000 1e-30 m^2  Cq=         2.9592 MHz  eta= 0.16933
 
     V   15    Vxx=   -0.1096    axis=(  1.000000  0.000000  0.000000)
     V   15    Vyy=   -0.1123    axis=(  0.000000 -0.027016 -0.999635)
     V   15    Vzz=    0.2219    axis=(  0.000000 -0.999635  0.027016)
     V   15  Q=         5.0000 1e-30 m^2  Cq=         2.6068 MHz  eta= 0.01179
 
     V   16    Vxx=   -0.0860    axis=( -0.044888 -0.167153  0.984909)
     V   16    Vyy=   -0.1187    axis=(  0.013174  0.985718  0.167891)
     V   16    Vzz=    0.2047    axis=(  0.998905 -0.020512  0.042045)
     V   16  Q=         5.0000 1e-30 m^2  Cq=         2.4053 MHz  eta= 0.15982
 
     V   17    Vxx=   -0.0860    axis=(  0.044888 -0.167153  0.984909)
     V   17    Vyy=   -0.1187    axis=(  0.013174 -0.985718 -0.167891)
     V   17    Vzz=    0.2047    axis=( -0.998905 -0.020512  0.042045)
     V   17  Q=         5.0000 1e-30 m^2  Cq=         2.4053 MHz  eta= 0.15982
 
     V   18    Vxx=   -0.0116    axis=(  0.974330  0.000000 -0.225123)
     V   18    Vyy=   -0.0306    axis=(  0.000000 -1.000000 -0.000000)
     V   18    Vzz=    0.0422    axis=(  0.225123  0.000000  0.974330)
     V   18  Q=         5.0000 1e-30 m^2  Cq=         0.4958 MHz  eta= 0.44998
 
     V   19    Vxx=   -0.0828    axis=( -0.706178  0.706275  0.049881)
     V   19    Vyy=   -0.0966    axis=(  0.707155  0.707059 -0.000005)
     V   19    Vzz=    0.1794    axis=(  0.035272 -0.035270  0.998755)
     V   19  Q=         5.0000 1e-30 m^2  Cq=         2.1075 MHz  eta= 0.07650
 
     V   20    Vxx=   -0.0548    axis=(  0.992163  0.113706 -0.051805)
     V   20    Vyy=   -0.1305    axis=( -0.111231  0.992616  0.048393)
     V   20    Vzz=    0.1853    axis=(  0.056925 -0.042251  0.997484)
     V   20  Q=         5.0000 1e-30 m^2  Cq=         2.1769 MHz  eta= 0.40802
 
     V   21    Vxx=   -0.0548    axis=(  0.992163 -0.113706  0.051805)
     V   21    Vyy=   -0.1305    axis=(  0.111231  0.992616  0.048393)
     V   21    Vzz=    0.1853    axis=( -0.056925 -0.042251  0.997484)
     V   21  Q=         5.0000 1e-30 m^2  Cq=         2.1769 MHz  eta= 0.40802
 
     V   22    Vxx=   -0.0715    axis=(  0.000000  1.000000  0.000000)
     V   22    Vyy=   -0.0981    axis=( -0.027062  0.000000 -0.999634)
     V   22    Vzz=    0.1696    axis=( -0.999634 -0.000000  0.027062)
     V   22  Q=         5.0000 1e-30 m^2  Cq=         1.9919 MHz  eta= 0.15682
 
     V   23    Vxx=   -0.0898    axis=(  0.000000 -1.000000  0.000000)
     V   23    Vyy=   -0.1150    axis=(  0.009790  0.000000 -0.999952)
     V   23    Vzz=    0.2048    axis=(  0.999952  0.000000  0.009790)
     V   23  Q=         5.0000 1e-30 m^2  Cq=         2.4055 MHz  eta= 0.12311
 
     V   24    Vxx=   -0.0860    axis=(  0.167164  0.044864  0.984908)
     V   24    Vyy=   -0.1187    axis=(  0.985716  0.013178 -0.167901)
     V   24    Vzz=    0.2047    axis=(  0.020512 -0.998906  0.042021)
     V   24  Q=         5.0000 1e-30 m^2  Cq=         2.4053 MHz  eta= 0.15981
 
     V   25    Vxx=   -0.0860    axis=( -0.167164  0.044864 -0.984908)
     V   25    Vyy=   -0.1187    axis=(  0.985716 -0.013178 -0.167901)
     V   25    Vzz=    0.2047    axis=(  0.020512  0.998906  0.042021)
     V   25  Q=         5.0000 1e-30 m^2  Cq=         2.4053 MHz  eta= 0.15981
 
     V   26    Vxx=   -0.0768    axis=( -0.999811  0.000000 -0.019438)
     V   26    Vyy=   -0.0926    axis=(  0.000000  1.000000  0.000000)
     V   26    Vzz=    0.1694    axis=( -0.019438  0.000000  0.999811)
     V   26  Q=         5.0000 1e-30 m^2  Cq=         1.9902 MHz  eta= 0.09280
 
     V   27    Vxx=   -0.0874    axis=( -0.000000 -1.000000  0.000000)
     V   27    Vyy=   -0.0888    axis=(  0.999998 -0.000000 -0.001806)
     V   27    Vzz=    0.1762    axis=(  0.001806  0.000000  0.999998)
     V   27  Q=         5.0000 1e-30 m^2  Cq=         2.0702 MHz  eta= 0.00802
 
     V   28    Vxx=   -0.0898    axis=(  1.000000  0.000000  0.000000)
     V   28    Vyy=   -0.1150    axis=(  0.000000  0.009769 -0.999952)
     V   28    Vzz=    0.2048    axis=(  0.000000 -0.999952 -0.009769)
     V   28  Q=         5.0000 1e-30 m^2  Cq=         2.4055 MHz  eta= 0.12312
 
     V   29    Vxx=   -0.0715    axis=(  1.000000  0.000000  0.000000)
     V   29    Vyy=   -0.0981    axis=(  0.000000 -0.027029 -0.999635)
     V   29    Vzz=    0.1695    axis=(  0.000000 -0.999635  0.027029)
     V   29  Q=         5.0000 1e-30 m^2  Cq=         1.9919 MHz  eta= 0.15683
 
     V   30    Vxx=   -0.0860    axis=(  0.044888 -0.167153 -0.984909)
     V   30    Vyy=   -0.1187    axis=(  0.013174 -0.985718  0.167891)
     V   30    Vzz=    0.2047    axis=(  0.998905  0.020512  0.042045)
     V   30  Q=         5.0000 1e-30 m^2  Cq=         2.4053 MHz  eta= 0.15982
 
     V   31    Vxx=   -0.0860    axis=( -0.044888 -0.167153 -0.984909)
     V   31    Vyy=   -0.1187    axis=(  0.013174  0.985718 -0.167891)
     V   31    Vzz=    0.2047    axis=( -0.998905  0.020512  0.042045)
     V   31  Q=         5.0000 1e-30 m^2  Cq=         2.4053 MHz  eta= 0.15982
 
     V   32    Vxx=   -0.0768    axis=(  0.000000 -0.999811 -0.019435)
     V   32    Vyy=   -0.0926    axis=(  1.000000  0.000000  0.000000)
     V   32    Vzz=    0.1694    axis=(  0.000000 -0.019435  0.999811)
     V   32  Q=         5.0000 1e-30 m^2  Cq=         1.9902 MHz  eta= 0.09282
 
     V   33    Vxx=   -0.0874    axis=(  1.000000  0.000000  0.000000)
     V   33    Vyy=   -0.0888    axis=(  0.000000 -0.999998  0.001805)
     V   33    Vzz=    0.1762    axis=(  0.000000  0.001805  0.999998)
     V   33  Q=         5.0000 1e-30 m^2  Cq=         2.0702 MHz  eta= 0.00804
 
     V   34    Vxx=   -0.0976    axis=( -0.013074 -0.199294 -0.979852)
     V   34    Vyy=   -0.1196    axis=( -0.034713  0.979436 -0.198746)
     V   34    Vzz=    0.2172    axis=( -0.999312 -0.031415  0.019724)
     V   34  Q=         5.0000 1e-30 m^2  Cq=         2.5519 MHz  eta= 0.10152
 
     V   35    Vxx=   -0.1018    axis=( -0.024765  0.089316  0.995695)
     V   35    Vyy=   -0.1172    axis=(  0.005808  0.995997 -0.089198)
     V   35    Vzz=    0.2190    axis=( -0.999676  0.003574 -0.025184)
     V   35  Q=         5.0000 1e-30 m^2  Cq=         2.5729 MHz  eta= 0.07017
 
     V   36    Vxx=   -0.0779    axis=( -0.035816  0.032215  0.998839)
     V   36    Vyy=   -0.1287    axis=( -0.061986  0.997484 -0.034394)
     V   36    Vzz=    0.2066    axis=( -0.997434 -0.063146 -0.033729)
     V   36  Q=         5.0000 1e-30 m^2  Cq=         2.4272 MHz  eta= 0.24549
 
     V   37    Vxx=   -0.0976    axis=(  0.013074 -0.199294  0.979852)
     V   37    Vyy=   -0.1196    axis=( -0.034713 -0.979436 -0.198746)
     V   37    Vzz=    0.2172    axis=( -0.999312  0.031415  0.019724)
     V   37  Q=         5.0000 1e-30 m^2  Cq=         2.5519 MHz  eta= 0.10152
 
     V   38    Vxx=   -0.0779    axis=( -0.035816 -0.032215  0.998839)
     V   38    Vyy=   -0.1287    axis=(  0.061986  0.997484  0.034394)
     V   38    Vzz=    0.2066    axis=( -0.997434  0.063146 -0.033729)
     V   38  Q=         5.0000 1e-30 m^2  Cq=         2.4272 MHz  eta= 0.24549
 
     V   39    Vxx=   -0.1018    axis=( -0.024765 -0.089316  0.995695)
     V   39    Vyy=   -0.1172    axis=( -0.005808  0.995997  0.089198)
     V   39    Vzz=    0.2190    axis=( -0.999676 -0.003574 -0.025184)
     V   39  Q=         5.0000 1e-30 m^2  Cq=         2.5729 MHz  eta= 0.07017
 
     V   40    Vxx=   -0.0797    axis=(  0.988946  0.003547 -0.148236)
     V   40    Vyy=   -0.0991    axis=(  0.148200  0.008795  0.988918)
     V   40    Vzz=    0.1788    axis=(  0.004812 -0.999955  0.008172)
     V   40  Q=         5.0000 1e-30 m^2  Cq=         2.1006 MHz  eta= 0.10895
 
     V   41    Vxx=   -0.0715    axis=(  1.000000  0.000000  0.000000)
     V   41    Vyy=   -0.0981    axis=(  0.000000  0.027029 -0.999635)
     V   41    Vzz=    0.1695    axis=(  0.000000 -0.999635 -0.027029)
     V   41  Q=         5.0000 1e-30 m^2  Cq=         1.9919 MHz  eta= 0.15683
 
     V   42    Vxx=   -0.0779    axis=(  0.032202 -0.035844  0.998838)
     V   42    Vyy=   -0.1287    axis=(  0.997485 -0.061986 -0.034383)
     V   42    Vzz=    0.2066    axis=(  0.063147  0.997433  0.033757)
     V   42  Q=         5.0000 1e-30 m^2  Cq=         2.4272 MHz  eta= 0.24548
 
     V   43    Vxx=   -0.0779    axis=(  0.032202  0.035844  0.998838)
     V   43    Vyy=   -0.1287    axis=( -0.997485 -0.061986  0.034383)
     V   43    Vzz=    0.2066    axis=(  0.063147 -0.997433  0.033757)
     V   43  Q=         5.0000 1e-30 m^2  Cq=         2.4272 MHz  eta= 0.24548
 
     V   44    Vxx=   -0.0797    axis=( -0.988946  0.003547  0.148236)
     V   44    Vyy=   -0.0991    axis=(  0.148200 -0.008795  0.988918)
     V   44    Vzz=    0.1788    axis=(  0.004812  0.999955  0.008172)
     V   44  Q=         5.0000 1e-30 m^2  Cq=         2.1006 MHz  eta= 0.10895
 
     V   45    Vxx=   -0.1046    axis=(  1.000000  0.000000  0.000000)
     V   45    Vyy=   -0.1473    axis=(  0.000000 -0.002418 -0.999997)
     V   45    Vzz=    0.2519    axis=(  0.000000 -0.999997  0.002418)
     V   45  Q=         5.0000 1e-30 m^2  Cq=         2.9592 MHz  eta= 0.16933
 
     V   46    Vxx=   -0.1020    axis=(  0.000000 -0.999537 -0.030429)
     V   46    Vyy=   -0.1185    axis=(  1.000000  0.000000  0.000000)
     V   46    Vzz=    0.2205    axis=(  0.000000 -0.030429  0.999537)
     V   46  Q=         5.0000 1e-30 m^2  Cq=         2.5901 MHz  eta= 0.07488
 
     V   47    Vxx=   -0.1020    axis=(  0.000000 -0.999537  0.030429)
     V   47    Vyy=   -0.1185    axis=(  1.000000  0.000000  0.000000)
     V   47    Vzz=    0.2205    axis=(  0.000000  0.030429  0.999537)
     V   47  Q=         5.0000 1e-30 m^2  Cq=         2.5901 MHz  eta= 0.07488
 
     V   48    Vxx=   -0.0828    axis=(  0.706178  0.706275 -0.049881)
     V   48    Vyy=   -0.0966    axis=(  0.707155 -0.707059 -0.000005)
     V   48    Vzz=    0.1794    axis=(  0.035272  0.035270  0.998755)
     V   48  Q=         5.0000 1e-30 m^2  Cq=         2.1075 MHz  eta= 0.07650
 
     V   49    Vxx=   -0.0548    axis=(  0.113702  0.992163  0.051805)
     V   49    Vyy=   -0.1305    axis=( -0.992616  0.111228  0.048392)
     V   49    Vzz=    0.1853    axis=(  0.042250 -0.056925  0.997484)
     V   49  Q=         5.0000 1e-30 m^2  Cq=         2.1769 MHz  eta= 0.40801
 
     V   50    Vxx=   -0.0768    axis=(  0.000000 -0.999811  0.019435)
     V   50    Vyy=   -0.0926    axis=(  1.000000  0.000000  0.000000)
     V   50    Vzz=    0.1694    axis=(  0.000000  0.019435  0.999811)
     V   50  Q=         5.0000 1e-30 m^2  Cq=         1.9902 MHz  eta= 0.09282
 
     V   51    Vxx=   -0.0548    axis=(  0.113702 -0.992163  0.051805)
     V   51    Vyy=   -0.1305    axis=(  0.992616  0.111228 -0.048392)
     V   51    Vzz=    0.1853    axis=(  0.042250  0.056925  0.997484)
     V   51  Q=         5.0000 1e-30 m^2  Cq=         2.1769 MHz  eta= 0.40801
 
     V   52    Vxx=   -0.1018    axis=(  0.089338 -0.024741  0.995694)
     V   52    Vyy=   -0.1172    axis=(  0.995995  0.005806 -0.089221)
     V   52    Vzz=    0.2190    axis=( -0.003573  0.999677  0.025161)
     V   52  Q=         5.0000 1e-30 m^2  Cq=         2.5729 MHz  eta= 0.07017
 
     V   53    Vxx=   -0.0976    axis=(  0.199319  0.013096  0.979847)
     V   53    Vyy=   -0.1196    axis=(  0.979431 -0.034718 -0.198771)
     V   53    Vzz=    0.2172    axis=( -0.031415 -0.999311  0.019747)
     V   53  Q=         5.0000 1e-30 m^2  Cq=         2.5519 MHz  eta= 0.10152
 
     V   54    Vxx=   -0.0779    axis=( -0.032202 -0.035844  0.998838)
     V   54    Vyy=   -0.1287    axis=( -0.997485 -0.061986 -0.034383)
     V   54    Vzz=    0.2066    axis=(  0.063147 -0.997433 -0.033757)
     V   54  Q=         5.0000 1e-30 m^2  Cq=         2.4272 MHz  eta= 0.24548
 
     V   55    Vxx=   -0.1018    axis=( -0.089338 -0.024741  0.995694)
     V   55    Vyy=   -0.1172    axis=( -0.995995  0.005806 -0.089221)
     V   55    Vzz=    0.2190    axis=( -0.003573 -0.999677 -0.025161)
     V   55  Q=         5.0000 1e-30 m^2  Cq=         2.5729 MHz  eta= 0.07017
 
     V   56    Vxx=   -0.0976    axis=( -0.199319  0.013096  0.979847)
     V   56    Vyy=   -0.1196    axis=(  0.979431  0.034718  0.198771)
     V   56    Vzz=    0.2172    axis=(  0.031415 -0.999311  0.019747)
     V   56  Q=         5.0000 1e-30 m^2  Cq=         2.5519 MHz  eta= 0.10152
 
     V   57    Vxx=   -0.0779    axis=(  0.035816  0.032215  0.998839)
     V   57    Vyy=   -0.1287    axis=(  0.061986  0.997484 -0.034394)
     V   57    Vzz=    0.2066    axis=( -0.997434  0.063146  0.033729)
     V   57  Q=         5.0000 1e-30 m^2  Cq=         2.4272 MHz  eta= 0.24549
 
     V   58    Vxx=   -0.0797    axis=( -0.003553  0.988943 -0.148257)
     V   58    Vyy=   -0.0991    axis=( -0.008768  0.148221  0.988915)
     V   58    Vzz=    0.1788    axis=(  0.999955  0.004814  0.008144)
     V   58  Q=         5.0000 1e-30 m^2  Cq=         2.1006 MHz  eta= 0.10895
 
     V   59    Vxx=   -0.1046    axis=(  0.000000  1.000000  0.000000)
     V   59    Vyy=   -0.1473    axis=( -0.002400  0.000000 -0.999997)
     V   59    Vzz=    0.2519    axis=( -0.999997  0.000000  0.002400)
     V   59  Q=         5.0000 1e-30 m^2  Cq=         2.9592 MHz  eta= 0.16934
 
     V   60    Vxx=   -0.0797    axis=(  0.003553  0.988943 -0.148257)
     V   60    Vyy=   -0.0991    axis=(  0.008768  0.148221  0.988915)
     V   60    Vzz=    0.1788    axis=(  0.999955 -0.004814 -0.008144)
     V   60  Q=         5.0000 1e-30 m^2  Cq=         2.1006 MHz  eta= 0.10895
 
     V   61    Vxx=   -0.0715    axis=(  0.000000 -1.000000 -0.000000)
     V   61    Vyy=   -0.0981    axis=(  0.027062  0.000000 -0.999634)
     V   61    Vzz=    0.1696    axis=(  0.999634 -0.000000  0.027062)
     V   61  Q=         5.0000 1e-30 m^2  Cq=         1.9919 MHz  eta= 0.15682
 
     V   62    Vxx=   -0.0768    axis=(  0.999811  0.000000 -0.019438)
     V   62    Vyy=   -0.0926    axis=(  0.000000 -1.000000 -0.000000)
     V   62    Vzz=    0.1694    axis=(  0.019438  0.000000  0.999811)
     V   62  Q=         5.0000 1e-30 m^2  Cq=         1.9902 MHz  eta= 0.09280
 
     V   63    Vxx=   -0.0548    axis=(  0.992163 -0.113706 -0.051805)
     V   63    Vyy=   -0.1305    axis=(  0.111231  0.992616 -0.048393)
     V   63    Vzz=    0.1853    axis=(  0.056925  0.042251  0.997484)
     V   63  Q=         5.0000 1e-30 m^2  Cq=         2.1769 MHz  eta= 0.40802
 
     V   64    Vxx=   -0.0548    axis=(  0.992163  0.113706  0.051805)
     V   64    Vyy=   -0.1305    axis=( -0.111231  0.992616 -0.048393)
     V   64    Vzz=    0.1853    axis=( -0.056925  0.042251  0.997484)
     V   64  Q=         5.0000 1e-30 m^2  Cq=         2.1769 MHz  eta= 0.40802
 
     V   65    Vxx=   -0.1020    axis=(  0.999537 -0.000000 -0.030429)
     V   65    Vyy=   -0.1185    axis=( -0.000000 -1.000000  0.000000)
     V   65    Vzz=    0.2205    axis=(  0.030429 -0.000000  0.999537)
     V   65  Q=         5.0000 1e-30 m^2  Cq=         2.5901 MHz  eta= 0.07488
 
     V   66    Vxx=   -0.1020    axis=( -0.999537  0.000000 -0.030429)
     V   66    Vyy=   -0.1185    axis=(  0.000000  1.000000  0.000000)
     V   66    Vzz=    0.2205    axis=( -0.030429  0.000000  0.999537)
     V   66  Q=         5.0000 1e-30 m^2  Cq=         2.5901 MHz  eta= 0.07488
 
     V   67    Vxx=   -0.0961    axis=(  0.003278  0.965379  0.260831)
     V   67    Vyy=   -0.1048    axis=(  0.010327 -0.260851  0.965324)
     V   67    Vzz=    0.2009    axis=(  0.999941 -0.000471 -0.010824)
     V   67  Q=         5.0000 1e-30 m^2  Cq=         2.3598 MHz  eta= 0.04316
 
     V   68    Vxx=   -0.0961    axis=(  0.003278 -0.965379  0.260831)
     V   68    Vyy=   -0.1048    axis=( -0.010327 -0.260851 -0.965324)
     V   68    Vzz=    0.2009    axis=(  0.999941  0.000471 -0.010824)
     V   68  Q=         5.0000 1e-30 m^2  Cq=         2.3598 MHz  eta= 0.04316
 
     V   69    Vxx=   -0.0797    axis=(  0.003553  0.988943  0.148257)
     V   69    Vyy=   -0.0991    axis=( -0.008768 -0.148221  0.988915)
     V   69    Vzz=    0.1788    axis=(  0.999955 -0.004814  0.008144)
     V   69  Q=         5.0000 1e-30 m^2  Cq=         2.1006 MHz  eta= 0.10895
 
     V   70    Vxx=   -0.0797    axis=( -0.988946  0.003547 -0.148236)
     V   70    Vyy=   -0.0991    axis=( -0.148200  0.008795  0.988918)
     V   70    Vzz=    0.1788    axis=(  0.004812  0.999955 -0.008172)
     V   70  Q=         5.0000 1e-30 m^2  Cq=         2.1006 MHz  eta= 0.10895
 
     V   71    Vxx=   -0.0779    axis=( -0.032202  0.035844  0.998838)
     V   71    Vyy=   -0.1287    axis=(  0.997485 -0.061986  0.034383)
     V   71    Vzz=    0.2066    axis=(  0.063147  0.997433 -0.033757)
     V   71  Q=         5.0000 1e-30 m^2  Cq=         2.4272 MHz  eta= 0.24548
 
     V   72    Vxx=   -0.0797    axis=(  0.988946  0.003547  0.148236)
     V   72    Vyy=   -0.0991    axis=( -0.148200 -0.008795  0.988918)
     V   72    Vzz=    0.1788    axis=(  0.004812 -0.999955 -0.008172)
     V   72  Q=         5.0000 1e-30 m^2  Cq=         2.1006 MHz  eta= 0.10895
 
     V   73    Vxx=   -0.0884    axis=(  0.000000  1.000000  0.000000)
     V   73    Vyy=   -0.1088    axis=(  1.000000  0.000000  0.000000)
     V   73    Vzz=    0.1972    axis=(  0.000000  0.000000  1.000000)
     V   73  Q=         5.0000 1e-30 m^2  Cq=         2.3167 MHz  eta= 0.10382
 
     V   74    Vxx=   -0.0874    axis=( -0.000000  1.000000 -0.000000)
     V   74    Vyy=   -0.0888    axis=( -0.999998 -0.000000 -0.001806)
     V   74    Vzz=    0.1762    axis=( -0.001806  0.000000  0.999998)
     V   74  Q=         5.0000 1e-30 m^2  Cq=         2.0702 MHz  eta= 0.00802
 
     V   75    Vxx=   -0.0947    axis=(  0.000000  1.000000  0.000000)
     V   75    Vyy=   -0.0947    axis=(  1.000000  0.000000  0.000000)
     V   75    Vzz=    0.1894    axis=(  0.000000  0.000000  1.000000)
     V   75  Q=         5.0000 1e-30 m^2  Cq=         2.2250 MHz  eta= 0.00001
 
     V   76    Vxx=   -0.0961    axis=(  0.965381  0.003285  0.260823)
     V   76    Vyy=   -0.1048    axis=(  0.260844 -0.010350 -0.965326)
     V   76    Vzz=    0.2009    axis=( -0.000471  0.999941 -0.010849)
     V   76  Q=         5.0000 1e-30 m^2  Cq=         2.3598 MHz  eta= 0.04317
 
     V   77    Vxx=   -0.0961    axis=(  0.965381 -0.003285 -0.260823)
     V   77    Vyy=   -0.1048    axis=( -0.260844 -0.010350 -0.965326)
     V   77    Vzz=    0.2009    axis=(  0.000471  0.999941 -0.010849)
     V   77  Q=         5.0000 1e-30 m^2  Cq=         2.3598 MHz  eta= 0.04317
 
     V   78    Vxx=   -0.0779    axis=(  0.035816 -0.032215  0.998839)
     V   78    Vyy=   -0.1287    axis=( -0.061986  0.997484  0.034394)
     V   78    Vzz=    0.2066    axis=( -0.997434 -0.063146  0.033729)
     V   78  Q=         5.0000 1e-30 m^2  Cq=         2.4272 MHz  eta= 0.24549
 
     V   79    Vxx=   -0.0797    axis=( -0.003553  0.988943  0.148257)
     V   79    Vyy=   -0.0991    axis=(  0.008768 -0.148221  0.988915)
     V   79    Vzz=    0.1788    axis=(  0.999955  0.004814 -0.008144)
     V   79  Q=         5.0000 1e-30 m^2  Cq=         2.1006 MHz  eta= 0.10895
 
     V   80    Vxx=   -0.0874    axis=(  1.000000  0.000000  0.000000)
     V   80    Vyy=   -0.0888    axis=(  0.000000 -0.999998 -0.001805)
     V   80    Vzz=    0.1762    axis=(  0.000000 -0.001805  0.999998)
     V   80  Q=         5.0000 1e-30 m^2  Cq=         2.0702 MHz  eta= 0.00804
 
     V   81    Vxx=   -0.0884    axis=(  1.000000  0.000000  0.000000)
     V   81    Vyy=   -0.1088    axis=(  0.000000  1.000000  0.000000)
     V   81    Vzz=    0.1972    axis=(  0.000000  0.000000  1.000000)
     V   81  Q=         5.0000 1e-30 m^2  Cq=         2.3167 MHz  eta= 0.10382
 
     V   82    Vxx=   -0.1024    axis=(  0.000000 -1.000000  0.000000)
     V   82    Vyy=   -0.1090    axis=(  0.049156  0.000000 -0.998791)
     V   82    Vzz=    0.2114    axis=(  0.998791  0.000000  0.049156)
     V   82  Q=         5.0000 1e-30 m^2  Cq=         2.4830 MHz  eta= 0.03104
 
     V   83    Vxx=   -0.1021    axis=(  0.000000  1.000000  0.000000)
     V   83    Vyy=   -0.1159    axis=( -0.024425  0.000000 -0.999702)
     V   83    Vzz=    0.2180    axis=( -0.999702  0.000000  0.024425)
     V   83  Q=         5.0000 1e-30 m^2  Cq=         2.5606 MHz  eta= 0.06304
 
     V   84    Vxx=   -0.1370    axis=(  0.000000 -1.000000  0.000000)
     V   84    Vyy=   -0.1484    axis=(  0.005660  0.000000 -0.999984)
     V   84    Vzz=    0.2855    axis=(  0.999984  0.000000  0.005660)
     V   84  Q=         5.0000 1e-30 m^2  Cq=         3.3537 MHz  eta= 0.03998
 
     V   85    Vxx=   -0.1096    axis=(  0.000000 -1.000000  0.000000)
     V   85    Vyy=   -0.1123    axis=(  0.026992  0.000000 -0.999636)
     V   85    Vzz=    0.2219    axis=(  0.999636  0.000000  0.026992)
     V   85  Q=         5.0000 1e-30 m^2  Cq=         2.6067 MHz  eta= 0.01179
 
     V   86    Vxx=   -0.1370    axis=(  1.000000  0.000000  0.000000)
     V   86    Vyy=   -0.1484    axis=(  0.000000 -0.005643 -0.999984)
     V   86    Vzz=    0.2855    axis=(  0.000000 -0.999984  0.005643)
     V   86  Q=         5.0000 1e-30 m^2  Cq=         3.3537 MHz  eta= 0.03998
 
     V   87    Vxx=   -0.1126    axis=( -0.119064  0.010832 -0.992827)
     V   87    Vyy=   -0.1188    axis=(  0.992826  0.012355 -0.118929)
     V   87    Vzz=    0.2314    axis=( -0.010978  0.999865  0.012225)
     V   87  Q=         5.0000 1e-30 m^2  Cq=         2.7189 MHz  eta= 0.02660
 
     V   88    Vxx=   -0.1370    axis=(  1.000000  0.000000  0.000000)
     V   88    Vyy=   -0.1484    axis=(  0.000000  0.005643 -0.999984)
     V   88    Vzz=    0.2855    axis=(  0.000000 -0.999984 -0.005643)
     V   88  Q=         5.0000 1e-30 m^2  Cq=         3.3537 MHz  eta= 0.03998
 
     V   89    Vxx=   -0.1126    axis=(  0.119064  0.010832  0.992827)
     V   89    Vyy=   -0.1188    axis=(  0.992826 -0.012355 -0.118929)
     V   89    Vzz=    0.2314    axis=( -0.010978 -0.999865  0.012225)
     V   89  Q=         5.0000 1e-30 m^2  Cq=         2.7189 MHz  eta= 0.02660
 
     V   90    Vxx=   -0.0850    axis=( -0.996619  0.067509 -0.046832)
     V   90    Vyy=   -0.1349    axis=(  0.067554  0.997715  0.000625)
     V   90    Vzz=    0.2198    axis=( -0.046767  0.002541  0.998903)
     V   90  Q=         5.0000 1e-30 m^2  Cq=         2.5823 MHz  eta= 0.22704
 
     V   91    Vxx=   -0.1218    axis=( -0.707015  0.706998  0.016827)
     V   91    Vyy=   -0.1310    axis=(  0.707098  0.707115 -0.000000)
     V   91    Vzz=    0.2529    axis=(  0.011899 -0.011898  0.999858)
     V   91  Q=         5.0000 1e-30 m^2  Cq=         2.9707 MHz  eta= 0.03646
 
     V   92    Vxx=   -0.1218    axis=(  0.707015  0.706998 -0.016827)
     V   92    Vyy=   -0.1310    axis=(  0.707098 -0.707115 -0.000000)
     V   92    Vzz=    0.2529    axis=(  0.011899  0.011898  0.999858)
     V   92  Q=         5.0000 1e-30 m^2  Cq=         2.9707 MHz  eta= 0.03646
 
     V   93    Vxx=   -0.0850    axis=(  0.996619  0.067509  0.046832)
     V   93    Vyy=   -0.1349    axis=(  0.067554 -0.997715  0.000625)
     V   93    Vzz=    0.2198    axis=( -0.046767 -0.002541  0.998903)
     V   93  Q=         5.0000 1e-30 m^2  Cq=         2.5823 MHz  eta= 0.22704
 
     V   94    Vxx=   -0.1096    axis=(  1.000000  0.000000  0.000000)
     V   94    Vyy=   -0.1123    axis=(  0.000000  0.027016 -0.999635)
     V   94    Vzz=    0.2219    axis=(  0.000000 -0.999635 -0.027016)
     V   94  Q=         5.0000 1e-30 m^2  Cq=         2.6068 MHz  eta= 0.01179
 
     V   95    Vxx=   -0.1024    axis=(  1.000000  0.000000  0.000000)
     V   95    Vyy=   -0.1090    axis=(  0.000000  0.049180 -0.998790)
     V   95    Vzz=    0.2114    axis=(  0.000000 -0.998790 -0.049180)
     V   95  Q=         5.0000 1e-30 m^2  Cq=         2.4830 MHz  eta= 0.03105
 
     V   96    Vxx=   -0.1021    axis=(  1.000000  0.000000  0.000000)
     V   96    Vyy=   -0.1159    axis=(  0.000000 -0.024451 -0.999701)
     V   96    Vzz=    0.2180    axis=(  0.000000 -0.999701  0.024451)
     V   96  Q=         5.0000 1e-30 m^2  Cq=         2.5606 MHz  eta= 0.06305
 
     V   97    Vxx=   -0.1126    axis=(  0.010855 -0.119117 -0.992821)
     V   97    Vyy=   -0.1188    axis=( -0.012359 -0.992820  0.118981)
     V   97    Vzz=    0.2314    axis=(  0.999865 -0.010979  0.012249)
     V   97  Q=         5.0000 1e-30 m^2  Cq=         2.7189 MHz  eta= 0.02659
 
     V   98    Vxx=   -0.1370    axis=(  0.000000  1.000000  0.000000)
     V   98    Vyy=   -0.1484    axis=( -0.005660  0.000000 -0.999984)
     V   98    Vzz=    0.2855    axis=( -0.999984  0.000000  0.005660)
     V   98  Q=         5.0000 1e-30 m^2  Cq=         3.3537 MHz  eta= 0.03998
 
     V   99    Vxx=   -0.1126    axis=( -0.010855 -0.119117 -0.992821)
     V   99    Vyy=   -0.1188    axis=( -0.012359  0.992820 -0.118981)
     V   99    Vzz=    0.2314    axis=( -0.999865 -0.010979  0.012249)
     V   99  Q=         5.0000 1e-30 m^2  Cq=         2.7189 MHz  eta= 0.02659
 
     V  100    Vxx=   -0.0850    axis=(  0.067504  0.996619  0.046835)
     V  100    Vyy=   -0.1349    axis=(  0.997716 -0.067549 -0.000626)
     V  100    Vzz=    0.2198    axis=( -0.002540 -0.046770  0.998902)
     V  100  Q=         5.0000 1e-30 m^2  Cq=         2.5823 MHz  eta= 0.22705
 
     V  101    Vxx=   -0.1218    axis=( -0.707015  0.706998 -0.016827)
     V  101    Vyy=   -0.1310    axis=(  0.707098  0.707115  0.000000)
     V  101    Vzz=    0.2529    axis=( -0.011899  0.011898  0.999858)
     V  101  Q=         5.0000 1e-30 m^2  Cq=         2.9707 MHz  eta= 0.03646
 
     V  102    Vxx=   -0.0850    axis=( -0.067504  0.996619  0.046835)
     V  102    Vyy=   -0.1349    axis=(  0.997716  0.067549  0.000626)
     V  102    Vzz=    0.2198    axis=(  0.002540 -0.046770  0.998902)
     V  102  Q=         5.0000 1e-30 m^2  Cq=         2.5823 MHz  eta= 0.22705
 
     V  103    Vxx=   -0.0898    axis=(  0.000000  1.000000  0.000000)
     V  103    Vyy=   -0.1150    axis=( -0.009790  0.000000 -0.999952)
     V  103    Vzz=    0.2048    axis=( -0.999952 -0.000000  0.009790)
     V  103  Q=         5.0000 1e-30 m^2  Cq=         2.4055 MHz  eta= 0.12311
 
     V  104    Vxx=   -0.1150    axis=(  0.000000 -1.000000  0.000000)
     V  104    Vyy=   -0.1273    axis=(  0.011458  0.000000 -0.999934)
     V  104    Vzz=    0.2423    axis=(  0.999934  0.000000  0.011458)
     V  104  Q=         5.0000 1e-30 m^2  Cq=         2.8466 MHz  eta= 0.05037
 
     V  105    Vxx=   -0.1126    axis=( -0.119064  0.010832  0.992827)
     V  105    Vyy=   -0.1188    axis=(  0.992826  0.012355  0.118929)
     V  105    Vzz=    0.2314    axis=(  0.010978 -0.999865  0.012225)
     V  105  Q=         5.0000 1e-30 m^2  Cq=         2.7189 MHz  eta= 0.02660
 
     V  106    Vxx=   -0.1126    axis=(  0.119064  0.010832 -0.992827)
     V  106    Vyy=   -0.1188    axis=(  0.992826 -0.012355  0.118929)
     V  106    Vzz=    0.2314    axis=(  0.010978  0.999865  0.012225)
     V  106  Q=         5.0000 1e-30 m^2  Cq=         2.7189 MHz  eta= 0.02660
 
     V  107    Vxx=   -0.1108    axis=( -0.999907  0.000000 -0.013626)
     V  107    Vyy=   -0.1337    axis=(  0.000000  1.000000  0.000000)
     V  107    Vzz=    0.2445    axis=( -0.013626  0.000000  0.999907)
     V  107  Q=         5.0000 1e-30 m^2  Cq=         2.8728 MHz  eta= 0.09384
 
     V  108    Vxx=   -0.1062    axis=(  0.999990  0.000000 -0.004531)
     V  108    Vyy=   -0.1220    axis=(  0.000000 -1.000000 -0.000000)
     V  108    Vzz=    0.2282    axis=(  0.004531  0.000000  0.999990)
     V  108  Q=         5.0000 1e-30 m^2  Cq=         2.6806 MHz  eta= 0.06913
 
     V  109    Vxx=   -0.1150    axis=(  1.000000  0.000000  0.000000)
     V  109    Vyy=   -0.1273    axis=(  0.000000  0.011439 -0.999935)
     V  109    Vzz=    0.2423    axis=(  0.000000 -0.999935 -0.011439)
     V  109  Q=         5.0000 1e-30 m^2  Cq=         2.8466 MHz  eta= 0.05038
 
     V  110    Vxx=   -0.0898    axis=(  1.000000  0.000000  0.000000)
     V  110    Vyy=   -0.1150    axis=(  0.000000 -0.009769 -0.999952)
     V  110    Vzz=    0.2048    axis=(  0.000000 -0.999952  0.009769)
     V  110  Q=         5.0000 1e-30 m^2  Cq=         2.4055 MHz  eta= 0.12312
 
     V  111    Vxx=   -0.1126    axis=( -0.010855 -0.119117  0.992821)
     V  111    Vyy=   -0.1188    axis=( -0.012359  0.992820  0.118981)
     V  111    Vzz=    0.2314    axis=(  0.999865  0.010979  0.012249)
     V  111  Q=         5.0000 1e-30 m^2  Cq=         2.7189 MHz  eta= 0.02659
 
     V  112    Vxx=   -0.1126    axis=(  0.010855 -0.119117  0.992821)
     V  112    Vyy=   -0.1188    axis=( -0.012359 -0.992820 -0.118981)
     V  112    Vzz=    0.2314    axis=( -0.999865  0.010979  0.012249)
     V  112  Q=         5.0000 1e-30 m^2  Cq=         2.7189 MHz  eta= 0.02659
 
     V  113    Vxx=   -0.1108    axis=(  0.000000 -0.999907 -0.013626)
     V  113    Vyy=   -0.1337    axis=(  1.000000  0.000000  0.000000)
     V  113    Vzz=    0.2445    axis=(  0.000000 -0.013626  0.999907)
     V  113  Q=         5.0000 1e-30 m^2  Cq=         2.8728 MHz  eta= 0.09386
 
     V  114    Vxx=   -0.1062    axis=(  0.000000 -0.999990  0.004531)
     V  114    Vyy=   -0.1220    axis=(  1.000000  0.000000  0.000000)
     V  114    Vzz=    0.2282    axis=(  0.000000  0.004531  0.999990)
     V  114  Q=         5.0000 1e-30 m^2  Cq=         2.6806 MHz  eta= 0.06912
 
     V  115    Vxx=   -0.1018    axis=(  0.024765 -0.089316  0.995695)
     V  115    Vyy=   -0.1172    axis=(  0.005808  0.995997  0.089198)
     V  115    Vzz=    0.2190    axis=( -0.999676  0.003574  0.025184)
     V  115  Q=         5.0000 1e-30 m^2  Cq=         2.5729 MHz  eta= 0.07017
 
     V  116    Vxx=   -0.1084    axis=( -0.002449 -0.368427 -0.929654)
     V  116    Vyy=   -0.1121    axis=( -0.011871  0.929602 -0.368375)
     V  116    Vzz=    0.2205    axis=( -0.999927 -0.010134  0.006650)
     V  116  Q=         5.0000 1e-30 m^2  Cq=         2.5902 MHz  eta= 0.01712
 
     V  117    Vxx=   -0.0976    axis=( -0.013074 -0.199294  0.979852)
     V  117    Vyy=   -0.1196    axis=( -0.034713  0.979436  0.198746)
     V  117    Vzz=    0.2172    axis=(  0.999312  0.031415  0.019724)
     V  117  Q=         5.0000 1e-30 m^2  Cq=         2.5519 MHz  eta= 0.10152
 
     V  118    Vxx=   -0.1084    axis=(  0.002449 -0.368427  0.929654)
     V  118    Vyy=   -0.1121    axis=( -0.011871 -0.929602 -0.368375)
     V  118    Vzz=    0.2205    axis=( -0.999927  0.010134  0.006650)
     V  118  Q=         5.0000 1e-30 m^2  Cq=         2.5902 MHz  eta= 0.01712
 
     V  119    Vxx=   -0.1018    axis=(  0.024765  0.089316  0.995695)
     V  119    Vyy=   -0.1172    axis=( -0.005808  0.995997 -0.089198)
     V  119    Vzz=    0.2190    axis=( -0.999676 -0.003574  0.025184)
     V  119  Q=         5.0000 1e-30 m^2  Cq=         2.5729 MHz  eta= 0.07017
 
     V  120    Vxx=   -0.0976    axis=(  0.013074 -0.199294 -0.979852)
     V  120    Vyy=   -0.1196    axis=( -0.034713 -0.979436  0.198746)
     V  120    Vzz=    0.2172    axis=(  0.999312 -0.031415  0.019724)
     V  120  Q=         5.0000 1e-30 m^2  Cq=         2.5519 MHz  eta= 0.10152
 
     V  121    Vxx=   -0.1021    axis=(  1.000000  0.000000  0.000000)
     V  121    Vyy=   -0.1159    axis=(  0.000000  0.024451 -0.999701)
     V  121    Vzz=    0.2180    axis=(  0.000000 -0.999701 -0.024451)
     V  121  Q=         5.0000 1e-30 m^2  Cq=         2.5606 MHz  eta= 0.06305
 
     V  122    Vxx=   -0.1106    axis=( -0.960096 -0.004848  0.279630)
     V  122    Vyy=   -0.1127    axis=(  0.279631  0.000416  0.960107)
     V  122    Vzz=    0.2233    axis=(  0.004771 -0.999988 -0.000956)
     V  122  Q=         5.0000 1e-30 m^2  Cq=         2.6238 MHz  eta= 0.00941
 
     V  123    Vxx=   -0.1084    axis=(  0.368611  0.002469 -0.929580)
     V  123    Vyy=   -0.1121    axis=(  0.929529 -0.011881  0.368559)
     V  123    Vzz=    0.2205    axis=(  0.010135  0.999926  0.006675)
     V  123  Q=         5.0000 1e-30 m^2  Cq=         2.5902 MHz  eta= 0.01711
 
     V  124    Vxx=   -0.1084    axis=( -0.368611  0.002469  0.929580)
     V  124    Vyy=   -0.1121    axis=(  0.929529  0.011881  0.368559)
     V  124    Vzz=    0.2205    axis=(  0.010135 -0.999926  0.006675)
     V  124  Q=         5.0000 1e-30 m^2  Cq=         2.5902 MHz  eta= 0.01711
 
     V  125    Vxx=   -0.1150    axis=(  1.000000  0.000000  0.000000)
     V  125    Vyy=   -0.1273    axis=(  0.000000 -0.011439 -0.999935)
     V  125    Vzz=    0.2423    axis=(  0.000000 -0.999935  0.011439)
     V  125  Q=         5.0000 1e-30 m^2  Cq=         2.8466 MHz  eta= 0.05038
 
     V  126    Vxx=   -0.1106    axis=(  0.960096 -0.004848 -0.279630)
     V  126    Vyy=   -0.1127    axis=(  0.279631 -0.000416  0.960107)
     V  126    Vzz=    0.2233    axis=(  0.004771  0.999988 -0.000956)
     V  126  Q=         5.0000 1e-30 m^2  Cq=         2.6238 MHz  eta= 0.00941
 
     V  127    Vxx=   -0.0850    axis=(  0.996619  0.067509 -0.046832)
     V  127    Vyy=   -0.1349    axis=(  0.067554 -0.997715 -0.000625)
     V  127    Vzz=    0.2198    axis=(  0.046767  0.002541  0.998903)
     V  127  Q=         5.0000 1e-30 m^2  Cq=         2.5823 MHz  eta= 0.22704
 
     V  128    Vxx=   -0.1062    axis=(  0.000000 -0.999990 -0.004531)
     V  128    Vyy=   -0.1220    axis=(  1.000000  0.000000  0.000000)
     V  128    Vzz=    0.2282    axis=(  0.000000 -0.004531  0.999990)
     V  128  Q=         5.0000 1e-30 m^2  Cq=         2.6806 MHz  eta= 0.06912
 
     V  129    Vxx=   -0.0850    axis=( -0.996619  0.067509  0.046832)
     V  129    Vyy=   -0.1349    axis=(  0.067554  0.997715 -0.000625)
     V  129    Vzz=    0.2198    axis=(  0.046767 -0.002541  0.998903)
     V  129  Q=         5.0000 1e-30 m^2  Cq=         2.5823 MHz  eta= 0.22704
 
     V  130    Vxx=   -0.1218    axis=(  0.707015  0.706998  0.016827)
     V  130    Vyy=   -0.1310    axis=(  0.707098 -0.707115  0.000000)
     V  130    Vzz=    0.2529    axis=( -0.011899 -0.011898  0.999858)
     V  130  Q=         5.0000 1e-30 m^2  Cq=         2.9707 MHz  eta= 0.03646
 
     V  131    Vxx=   -0.0983    axis=(  1.000000  0.000000  0.000000)
     V  131    Vyy=   -0.1035    axis=(  0.000000 -0.999889 -0.014905)
     V  131    Vzz=    0.2018    axis=(  0.000000 -0.014905  0.999889)
     V  131  Q=         5.0000 1e-30 m^2  Cq=         2.3710 MHz  eta= 0.02561
 
     V  132    Vxx=   -0.0983    axis=(  1.000000  0.000000  0.000000)
     V  132    Vyy=   -0.1035    axis=(  0.000000 -0.999889  0.014905)
     V  132    Vzz=    0.2018    axis=(  0.000000  0.014905  0.999889)
     V  132  Q=         5.0000 1e-30 m^2  Cq=         2.3710 MHz  eta= 0.02561
 
     V  133    Vxx=   -0.0976    axis=(  0.199319  0.013096 -0.979847)
     V  133    Vyy=   -0.1196    axis=(  0.979431 -0.034718  0.198771)
     V  133    Vzz=    0.2172    axis=(  0.031415  0.999311  0.019747)
     V  133  Q=         5.0000 1e-30 m^2  Cq=         2.5519 MHz  eta= 0.10152
 
     V  134    Vxx=   -0.1018    axis=( -0.089338  0.024741  0.995694)
     V  134    Vyy=   -0.1172    axis=(  0.995995  0.005806  0.089221)
     V  134    Vzz=    0.2190    axis=( -0.003573  0.999677 -0.025161)
     V  134  Q=         5.0000 1e-30 m^2  Cq=         2.5729 MHz  eta= 0.07017
 
     V  135    Vxx=   -0.1084    axis=(  0.368611  0.002469  0.929580)
     V  135    Vyy=   -0.1121    axis=(  0.929529 -0.011881 -0.368559)
     V  135    Vzz=    0.2205    axis=( -0.010135 -0.999926  0.006675)
     V  135  Q=         5.0000 1e-30 m^2  Cq=         2.5902 MHz  eta= 0.01711
 
     V  136    Vxx=   -0.0976    axis=( -0.199319  0.013096 -0.979847)
     V  136    Vyy=   -0.1196    axis=(  0.979431  0.034718 -0.198771)
     V  136    Vzz=    0.2172    axis=( -0.031415  0.999311  0.019747)
     V  136  Q=         5.0000 1e-30 m^2  Cq=         2.5519 MHz  eta= 0.10152
 
     V  137    Vxx=   -0.1018    axis=(  0.089338  0.024741  0.995694)
     V  137    Vyy=   -0.1172    axis=( -0.995995  0.005806  0.089221)
     V  137    Vzz=    0.2190    axis=( -0.003573 -0.999677  0.025161)
     V  137  Q=         5.0000 1e-30 m^2  Cq=         2.5729 MHz  eta= 0.07017
 
     V  138    Vxx=   -0.1150    axis=(  0.000000  1.000000  0.000000)
     V  138    Vyy=   -0.1273    axis=( -0.011458  0.000000 -0.999934)
     V  138    Vzz=    0.2423    axis=( -0.999934  0.000000  0.011458)
     V  138  Q=         5.0000 1e-30 m^2  Cq=         2.8466 MHz  eta= 0.05037
 
     V  139    Vxx=   -0.1106    axis=( -0.004854  0.960135 -0.279494)
     V  139    Vyy=   -0.1127    axis=( -0.000394  0.279496  0.960147)
     V  139    Vzz=    0.2233    axis=( -0.999988 -0.004771  0.000979)
     V  139  Q=         5.0000 1e-30 m^2  Cq=         2.6238 MHz  eta= 0.00940
 
     V  140    Vxx=   -0.1021    axis=(  0.000000 -1.000000  0.000000)
     V  140    Vyy=   -0.1159    axis=(  0.024425  0.000000 -0.999702)
     V  140    Vzz=    0.2180    axis=(  0.999702  0.000000  0.024425)
     V  140  Q=         5.0000 1e-30 m^2  Cq=         2.5606 MHz  eta= 0.06304
 
     V  141    Vxx=   -0.1106    axis=(  0.004854  0.960135 -0.279494)
     V  141    Vyy=   -0.1127    axis=(  0.000394  0.279496  0.960147)
     V  141    Vzz=    0.2233    axis=( -0.999988  0.004771 -0.000979)
     V  141  Q=         5.0000 1e-30 m^2  Cq=         2.6238 MHz  eta= 0.00940
 
     V  142    Vxx=   -0.1084    axis=( -0.002449 -0.368427  0.929654)
     V  142    Vyy=   -0.1121    axis=( -0.011871  0.929602  0.368375)
     V  142    Vzz=    0.2205    axis=(  0.999927  0.010134  0.006650)
     V  142  Q=         5.0000 1e-30 m^2  Cq=         2.5902 MHz  eta= 0.01712
 
     V  143    Vxx=   -0.0983    axis=(  0.000000 -1.000000  0.000000)
     V  143    Vyy=   -0.1035    axis=(  0.999889  0.000000 -0.014908)
     V  143    Vzz=    0.2018    axis=(  0.014908  0.000000  0.999889)
     V  143  Q=         5.0000 1e-30 m^2  Cq=         2.3710 MHz  eta= 0.02562
 
     V  144    Vxx=   -0.0983    axis=(  0.000000  1.000000  0.000000)
     V  144    Vyy=   -0.1035    axis=( -0.999889  0.000000 -0.014908)
     V  144    Vzz=    0.2018    axis=( -0.014908  0.000000  0.999889)
     V  144  Q=         5.0000 1e-30 m^2  Cq=         2.3710 MHz  eta= 0.02562
 
     V  145    Vxx=   -0.0850    axis=( -0.067504  0.996619 -0.046835)
     V  145    Vyy=   -0.1349    axis=(  0.997716  0.067549 -0.000626)
     V  145    Vzz=    0.2198    axis=( -0.002540  0.046770  0.998902)
     V  145  Q=         5.0000 1e-30 m^2  Cq=         2.5823 MHz  eta= 0.22705
 
     V  146    Vxx=   -0.0850    axis=(  0.067504  0.996619 -0.046835)
     V  146    Vyy=   -0.1349    axis=(  0.997716 -0.067549  0.000626)
     V  146    Vzz=    0.2198    axis=(  0.002540  0.046770  0.998902)
     V  146  Q=         5.0000 1e-30 m^2  Cq=         2.5823 MHz  eta= 0.22705
 
     V  147    Vxx=   -0.1062    axis=( -0.999990  0.000000 -0.004531)
     V  147    Vyy=   -0.1220    axis=(  0.000000  1.000000  0.000000)
     V  147    Vzz=    0.2282    axis=( -0.004531  0.000000  0.999990)
     V  147  Q=         5.0000 1e-30 m^2  Cq=         2.6806 MHz  eta= 0.06913
 
     V  148    Vxx=   -0.0961    axis=(  0.003278  0.965379 -0.260831)
     V  148    Vyy=   -0.1048    axis=(  0.010327 -0.260851 -0.965324)
     V  148    Vzz=    0.2009    axis=( -0.999941  0.000471 -0.010824)
     V  148  Q=         5.0000 1e-30 m^2  Cq=         2.3598 MHz  eta= 0.04316
 
     V  149    Vxx=   -0.1106    axis=( -0.004854  0.960135  0.279494)
     V  149    Vyy=   -0.1127    axis=(  0.000394 -0.279496  0.960147)
     V  149    Vzz=    0.2233    axis=( -0.999988 -0.004771 -0.000979)
     V  149  Q=         5.0000 1e-30 m^2  Cq=         2.6238 MHz  eta= 0.00940
 
     V  150    Vxx=   -0.0961    axis=(  0.003278 -0.965379 -0.260831)
     V  150    Vyy=   -0.1048    axis=( -0.010327 -0.260851  0.965324)
     V  150    Vzz=    0.2009    axis=( -0.999941 -0.000471 -0.010824)
     V  150  Q=         5.0000 1e-30 m^2  Cq=         2.3598 MHz  eta= 0.04316
 
     V  151    Vxx=   -0.1084    axis=( -0.368611  0.002469 -0.929580)
     V  151    Vyy=   -0.1121    axis=(  0.929529  0.011881 -0.368559)
     V  151    Vzz=    0.2205    axis=( -0.010135  0.999926  0.006675)
     V  151  Q=         5.0000 1e-30 m^2  Cq=         2.5902 MHz  eta= 0.01711
 
     V  152    Vxx=   -0.1106    axis=(  0.960096 -0.004848  0.279630)
     V  152    Vyy=   -0.1127    axis=( -0.279631  0.000416  0.960107)
     V  152    Vzz=    0.2233    axis=(  0.004771  0.999988  0.000956)
     V  152  Q=         5.0000 1e-30 m^2  Cq=         2.6238 MHz  eta= 0.00941
 
     V  153    Vxx=   -0.1106    axis=( -0.960096 -0.004848 -0.279630)
     V  153    Vyy=   -0.1127    axis=( -0.279631 -0.000416  0.960107)
     V  153    Vzz=    0.2233    axis=(  0.004771 -0.999988  0.000956)
     V  153  Q=         5.0000 1e-30 m^2  Cq=         2.6238 MHz  eta= 0.00941
 
     V  154    Vxx=   -0.1108    axis=(  0.999907 -0.000000 -0.013626)
     V  154    Vyy=   -0.1337    axis=( -0.000000 -1.000000  0.000000)
     V  154    Vzz=    0.2445    axis=(  0.013626 -0.000000  0.999907)
     V  154  Q=         5.0000 1e-30 m^2  Cq=         2.8728 MHz  eta= 0.09384
 
     V  155    Vxx=   -0.1075    axis=(  1.000000  0.000000  0.000000)
     V  155    Vyy=   -0.1075    axis=(  0.000000  1.000000  0.000000)
     V  155    Vzz=    0.2150    axis=(  0.000000  0.000000  1.000000)
     V  155  Q=         5.0000 1e-30 m^2  Cq=         2.5264 MHz  eta= 0.00001
 
     V  156    Vxx=   -0.1040    axis=(  1.000000  0.000000  0.000000)
     V  156    Vyy=   -0.1059    axis=(  0.000000  1.000000  0.000000)
     V  156    Vzz=    0.2099    axis=(  0.000000  0.000000  1.000000)
     V  156  Q=         5.0000 1e-30 m^2  Cq=         2.4658 MHz  eta= 0.00892
 
     V  157    Vxx=   -0.0961    axis=(  0.965381  0.003285 -0.260823)
     V  157    Vyy=   -0.1048    axis=(  0.260844 -0.010350  0.965326)
     V  157    Vzz=    0.2009    axis=(  0.000471 -0.999941 -0.010849)
     V  157  Q=         5.0000 1e-30 m^2  Cq=         2.3598 MHz  eta= 0.04317
 
     V  158    Vxx=   -0.0961    axis=(  0.965381 -0.003285  0.260823)
     V  158    Vyy=   -0.1048    axis=( -0.260844 -0.010350  0.965326)
     V  158    Vzz=    0.2009    axis=( -0.000471 -0.999941 -0.010849)
     V  158  Q=         5.0000 1e-30 m^2  Cq=         2.3598 MHz  eta= 0.04317
 
     V  159    Vxx=   -0.1106    axis=(  0.004854  0.960135  0.279494)
     V  159    Vyy=   -0.1127    axis=( -0.000394 -0.279496  0.960147)
     V  159    Vzz=    0.2233    axis=( -0.999988  0.004771  0.000979)
     V  159  Q=         5.0000 1e-30 m^2  Cq=         2.6238 MHz  eta= 0.00940
 
     V  160    Vxx=   -0.1084    axis=(  0.002449 -0.368427 -0.929654)
     V  160    Vyy=   -0.1121    axis=( -0.011871 -0.929602  0.368375)
     V  160    Vzz=    0.2205    axis=(  0.999927 -0.010134  0.006650)
     V  160  Q=         5.0000 1e-30 m^2  Cq=         2.5902 MHz  eta= 0.01712
 
     V  161    Vxx=   -0.1040    axis=(  0.000000  1.000000  0.000000)
     V  161    Vyy=   -0.1059    axis=(  1.000000  0.000000  0.000000)
     V  161    Vzz=    0.2099    axis=(  0.000000  0.000000  1.000000)
     V  161  Q=         5.0000 1e-30 m^2  Cq=         2.4658 MHz  eta= 0.00894
 
     V  162    Vxx=   -0.1108    axis=(  0.000000 -0.999907  0.013626)
     V  162    Vyy=   -0.1337    axis=(  1.000000  0.000000  0.000000)
     V  162    Vzz=    0.2445    axis=(  0.000000  0.013626  0.999907)
     V  162  Q=         5.0000 1e-30 m^2  Cq=         2.8728 MHz  eta= 0.09386
 
     Si 163    Vxx=   -0.0149    axis=(  0.479477  0.000000 -0.877554)
     Si 163    Vyy=   -0.0230    axis=(  0.000000 -1.000000  0.000000)
     Si 163    Vzz=    0.0379    axis=(  0.877554  0.000000  0.479477)
     Si 163  Q=         0.0000 1e-30 m^2  Cq=         0.0000 MHz  eta= 0.21230
 
     Si 164    Vxx=   -0.0149    axis=(  0.000000  0.479481 -0.877552)
     Si 164    Vyy=   -0.0230    axis=(  1.000000  0.000000  0.000000)
     Si 164    Vzz=    0.0379    axis=(  0.000000 -0.877552 -0.479481)
     Si 164  Q=         0.0000 1e-30 m^2  Cq=         0.0000 MHz  eta= 0.21229
 
     Si 165    Vxx=    0.0098    axis=(  0.000000 -1.000000  0.000000)
     Si 165    Vyy=    0.0285    axis=(  0.885851  0.000000  0.463971)
     Si 165    Vzz=   -0.0383    axis=( -0.463971  0.000000  0.885851)
     Si 165  Q=         0.0000 1e-30 m^2  Cq=        -0.0000 MHz  eta= 0.48695
 
     Si 166    Vxx=    0.0047    axis=(  0.825772  0.000000  0.564005)
     Si 166    Vyy=    0.0067    axis=(  0.000000 -1.000000  0.000000)
     Si 166    Vzz=   -0.0114    axis=( -0.564005 -0.000000  0.825772)
     Si 166  Q=         0.0000 1e-30 m^2  Cq=        -0.0000 MHz  eta= 0.17199
 
     Si 167    Vxx=   -0.0149    axis=( -0.479477  0.000000 -0.877554)
     Si 167    Vyy=   -0.0230    axis=(  0.000000  1.000000  0.000000)
     Si 167    Vzz=    0.0379    axis=( -0.877554  0.000000  0.479477)
     Si 167  Q=         0.0000 1e-30 m^2  Cq=         0.0000 MHz  eta= 0.21230
 
     Si 168    Vxx=   -0.0026    axis=(  0.000000  1.000000  0.000000)
     Si 168    Vyy=   -0.0026    axis=(  1.000000  0.000000  0.000000)
     Si 168    Vzz=    0.0052    axis=(  0.000000  0.000000  1.000000)
     Si 168  Q=         0.0000 1e-30 m^2  Cq=         0.0000 MHz  eta= 0.01026
 
     Si 169    Vxx=    0.0024    axis=(  0.930189  0.071943 -0.359962)
     Si 169    Vyy=    0.0054    axis=(  0.316827  0.337893  0.886255)
     Si 169    Vzz=   -0.0078    axis=(  0.185389 -0.938431  0.291511)
     Si 169  Q=         0.0000 1e-30 m^2  Cq=        -0.0000 MHz  eta= 0.39058
 
     Si 170    Vxx=    0.0024    axis=(  0.930189 -0.071943 -0.359962)
     Si 170    Vyy=    0.0054    axis=( -0.316827  0.337893 -0.886255)
     Si 170    Vzz=   -0.0078    axis=(  0.185389  0.938431  0.291511)
     Si 170  Q=         0.0000 1e-30 m^2  Cq=        -0.0000 MHz  eta= 0.39058
 
     Si 171    Vxx=    0.0098    axis=(  1.000000  0.000000  0.000000)
     Si 171    Vyy=    0.0285    axis=(  0.000000 -0.885854 -0.463964)
     Si 171    Vzz=   -0.0383    axis=(  0.000000 -0.463964  0.885854)
     Si 171  Q=         0.0000 1e-30 m^2  Cq=        -0.0000 MHz  eta= 0.48697
 
     Si 172    Vxx=    0.0047    axis=(  0.000000 -0.825775 -0.563999)
     Si 172    Vyy=    0.0067    axis=(  1.000000  0.000000  0.000000)
     Si 172    Vzz=   -0.0114    axis=(  0.000000 -0.563999  0.825775)
     Si 172  Q=         0.0000 1e-30 m^2  Cq=        -0.0000 MHz  eta= 0.17196
 
     Si 173    Vxx=   -0.0026    axis=(  1.000000  0.000000  0.000000)
     Si 173    Vyy=   -0.0026    axis=(  0.000000  1.000000  0.000000)
     Si 173    Vzz=    0.0052    axis=(  0.000000  0.000000  1.000000)
     Si 173  Q=         0.0000 1e-30 m^2  Cq=         0.0000 MHz  eta= 0.01003
 
     Si 174    Vxx=   -0.0149    axis=(  0.000000 -0.479481 -0.877552)
     Si 174    Vyy=   -0.0230    axis=(  1.000000  0.000000  0.000000)
     Si 174    Vzz=    0.0379    axis=(  0.000000 -0.877552  0.479481)
     Si 174  Q=         0.0000 1e-30 m^2  Cq=         0.0000 MHz  eta= 0.21229
 
     Si 175    Vxx=    0.0024    axis=( -0.071994  0.930217 -0.359878)
     Si 175    Vyy=    0.0054    axis=( -0.337895  0.316732  0.886289)
     Si 175    Vzz=   -0.0078    axis=(  0.938426  0.185409  0.291513)
     Si 175  Q=         0.0000 1e-30 m^2  Cq=        -0.0000 MHz  eta= 0.39060
 
     Si 176    Vxx=    0.0024    axis=( -0.071994 -0.930217  0.359878)
     Si 176    Vyy=    0.0054    axis=(  0.337895  0.316732  0.886289)
     Si 176    Vzz=   -0.0078    axis=( -0.938426  0.185409  0.291513)
     Si 176  Q=         0.0000 1e-30 m^2  Cq=        -0.0000 MHz  eta= 0.39060
 
     Si 177    Vxx=    0.0003    axis=(  0.984528  0.134029  0.112873)
     Si 177    Vyy=    0.0094    axis=( -0.154080  0.968947  0.193393)
     Si 177    Vzz=   -0.0096    axis=( -0.083448 -0.207792  0.974607)
     Si 177  Q=         0.0000 1e-30 m^2  Cq=        -0.0000 MHz  eta= 0.94327
 
     Si 178    Vxx=   -0.0014    axis=(  0.318804  0.184717  0.929647)
     Si 178    Vyy=   -0.0030    axis=(  0.089576  0.970564 -0.223566)
     Si 178    Vzz=    0.0044    axis=( -0.943578  0.154548  0.292873)
     Si 178  Q=         0.0000 1e-30 m^2  Cq=         0.0000 MHz  eta= 0.35546
 
     Si 179    Vxx=    0.0003    axis=(  0.984528 -0.134029  0.112873)
     Si 179    Vyy=    0.0094    axis=(  0.154080  0.968947 -0.193393)
     Si 179    Vzz=   -0.0096    axis=( -0.083448  0.207792  0.974607)
     Si 179  Q=         0.0000 1e-30 m^2  Cq=        -0.0000 MHz  eta= 0.94327
 
     Si 180    Vxx=   -0.0014    axis=(  0.318804 -0.184717  0.929647)
     Si 180    Vyy=   -0.0030    axis=( -0.089576  0.970564  0.223566)
     Si 180    Vzz=    0.0044    axis=( -0.943578 -0.154548  0.292873)
     Si 180  Q=         0.0000 1e-30 m^2  Cq=         0.0000 MHz  eta= 0.35546
 
     Si 181    Vxx=    0.0098    axis=(  0.000000  1.000000  0.000000)
     Si 181    Vyy=    0.0285    axis=( -0.885851  0.000000  0.463971)
     Si 181    Vzz=   -0.0383    axis=(  0.463971  0.000000  0.885851)
     Si 181  Q=         0.0000 1e-30 m^2  Cq=        -0.0000 MHz  eta= 0.48695
 
     Si 182    Vxx=    0.0016    axis=(  1.000000  0.000000  0.000000)
     Si 182    Vyy=    0.0044    axis=(  0.000000  1.000000  0.000000)
     Si 182    Vzz=   -0.0060    axis=(  0.000000  0.000000  1.000000)
     Si 182  Q=         0.0000 1e-30 m^2  Cq=        -0.0000 MHz  eta= 0.46600
 
     Si 183    Vxx=    0.0047    axis=( -0.825772  0.000000  0.564005)
     Si 183    Vyy=    0.0067    axis=(  0.000000  1.000000  0.000000)
     Si 183    Vzz=   -0.0114    axis=(  0.564005  0.000000  0.825772)
     Si 183  Q=         0.0000 1e-30 m^2  Cq=        -0.0000 MHz  eta= 0.17199
 
     Si 184    Vxx=    0.0066    axis=(  0.000000  0.000000  1.000000)
     Si 184    Vyy=    0.0094    axis=(  0.000000  1.000000  0.000000)
     Si 184    Vzz=   -0.0159    axis=(  1.000000  0.000000  0.000000)
     Si 184  Q=         0.0000 1e-30 m^2  Cq=        -0.0000 MHz  eta= 0.17588
 
     Si 185    Vxx=    0.0024    axis=(  0.930189 -0.071943  0.359962)
     Si 185    Vyy=    0.0054    axis=( -0.316827  0.337893  0.886255)
     Si 185    Vzz=   -0.0078    axis=( -0.185389 -0.938431  0.291511)
     Si 185  Q=         0.0000 1e-30 m^2  Cq=        -0.0000 MHz  eta= 0.39058
 
     Si 186    Vxx=   -0.0015    axis=(  0.000000 -0.876574 -0.481267)
     Si 186    Vyy=   -0.0032    axis=(  1.000000  0.000000  0.000000)
     Si 186    Vzz=    0.0047    axis=(  0.000000 -0.481267  0.876574)
     Si 186  Q=         0.0000 1e-30 m^2  Cq=         0.0000 MHz  eta= 0.37102
 
     Si 187    Vxx=   -0.0015    axis=(  0.000000 -0.876574  0.481267)
     Si 187    Vyy=   -0.0032    axis=(  1.000000  0.000000  0.000000)
     Si 187    Vzz=    0.0047    axis=(  0.000000  0.481267  0.876574)
     Si 187  Q=         0.0000 1e-30 m^2  Cq=         0.0000 MHz  eta= 0.37102
 
     Si 188    Vxx=    0.0024    axis=(  0.930189  0.071943  0.359962)
     Si 188    Vyy=    0.0054    axis=(  0.316827  0.337893 -0.886255)
     Si 188    Vzz=   -0.0078    axis=( -0.185389  0.938431  0.291511)
     Si 188  Q=         0.0000 1e-30 m^2  Cq=        -0.0000 MHz  eta= 0.39058
 
     Si 189    Vxx=    0.0003    axis=( -0.134024  0.984527  0.112888)
     Si 189    Vyy=    0.0094    axis=( -0.968947 -0.154078  0.193393)
     Si 189    Vzz=   -0.0096    axis=(  0.207794 -0.083463  0.974605)
     Si 189  Q=         0.0000 1e-30 m^2  Cq=        -0.0000 MHz  eta= 0.94325
 
     Si 190    Vxx=   -0.0014    axis=( -0.184754  0.318826  0.929632)
     Si 190    Vyy=   -0.0030    axis=(  0.970557 -0.089558  0.223603)
     Si 190    Vzz=    0.0044    axis=(  0.154546  0.943573 -0.292893)
     Si 190  Q=         0.0000 1e-30 m^2  Cq=         0.0000 MHz  eta= 0.35554
 
     Si 191    Vxx=    0.0003    axis=( -0.134024 -0.984527 -0.112888)
     Si 191    Vyy=    0.0094    axis=(  0.968947 -0.154078  0.193393)
     Si 191    Vzz=   -0.0096    axis=( -0.207794 -0.083463  0.974605)
     Si 191  Q=         0.0000 1e-30 m^2  Cq=        -0.0000 MHz  eta= 0.94325
 
     Si 192    Vxx=   -0.0014    axis=(  0.184754  0.318826  0.929632)
     Si 192    Vyy=   -0.0030    axis=( -0.970557 -0.089558  0.223603)
     Si 192    Vzz=    0.0044    axis=(  0.154546 -0.943573  0.292893)
     Si 192  Q=         0.0000 1e-30 m^2  Cq=         0.0000 MHz  eta= 0.35554
 
     Si 193    Vxx=    0.0066    axis=(  0.000000  0.000000  1.000000)
     Si 193    Vyy=    0.0094    axis=(  1.000000  0.000000  0.000000)
     Si 193    Vzz=   -0.0159    axis=(  0.000000  1.000000  0.000000)
     Si 193  Q=         0.0000 1e-30 m^2  Cq=        -0.0000 MHz  eta= 0.17595
 
     Si 194    Vxx=    0.0047    axis=(  0.000000 -0.825775  0.563999)
     Si 194    Vyy=    0.0067    axis=(  1.000000  0.000000  0.000000)
     Si 194    Vzz=   -0.0114    axis=(  0.000000  0.563999  0.825775)
     Si 194  Q=         0.0000 1e-30 m^2  Cq=        -0.0000 MHz  eta= 0.17196
 
     Si 195    Vxx=    0.0016    axis=(  0.000000  1.000000  0.000000)
     Si 195    Vyy=    0.0044    axis=(  1.000000  0.000000  0.000000)
     Si 195    Vzz=   -0.0060    axis=(  0.000000  0.000000  1.000000)
     Si 195  Q=         0.0000 1e-30 m^2  Cq=        -0.0000 MHz  eta= 0.46588
 
     Si 196    Vxx=    0.0098    axis=(  1.000000  0.000000  0.000000)
     Si 196    Vyy=    0.0285    axis=(  0.000000 -0.885854  0.463964)
     Si 196    Vzz=   -0.0383    axis=(  0.000000  0.463964  0.885854)
     Si 196  Q=         0.0000 1e-30 m^2  Cq=        -0.0000 MHz  eta= 0.48697
 
     Si 197    Vxx=   -0.0015    axis=( -0.876546  0.000000 -0.481318)
     Si 197    Vyy=   -0.0032    axis=(  0.000000  1.000000  0.000000)
     Si 197    Vzz=    0.0047    axis=( -0.481318  0.000000  0.876546)
     Si 197  Q=         0.0000 1e-30 m^2  Cq=         0.0000 MHz  eta= 0.37107
 
     Si 198    Vxx=    0.0024    axis=( -0.071994  0.930217  0.359878)
     Si 198    Vyy=    0.0054    axis=( -0.337895  0.316732 -0.886289)
     Si 198    Vzz=   -0.0078    axis=( -0.938426 -0.185409  0.291513)
     Si 198  Q=         0.0000 1e-30 m^2  Cq=        -0.0000 MHz  eta= 0.39060
 
     Si 199    Vxx=    0.0024    axis=( -0.071994 -0.930217 -0.359878)
     Si 199    Vyy=    0.0054    axis=(  0.337895  0.316732 -0.886289)
     Si 199    Vzz=   -0.0078    axis=(  0.938426 -0.185409  0.291513)
     Si 199  Q=         0.0000 1e-30 m^2  Cq=        -0.0000 MHz  eta= 0.39060
 
     Si 200    Vxx=   -0.0015    axis=(  0.876546  0.000000 -0.481318)
     Si 200    Vyy=   -0.0032    axis=(  0.000000 -1.000000  0.000000)
     Si 200    Vzz=    0.0047    axis=(  0.481318  0.000000  0.876546)
     Si 200  Q=         0.0000 1e-30 m^2  Cq=         0.0000 MHz  eta= 0.37107
 
     Si 201    Vxx=    0.0003    axis=(  0.984528 -0.134029 -0.112873)
     Si 201    Vyy=    0.0094    axis=(  0.154080  0.968947  0.193393)
     Si 201    Vzz=   -0.0096    axis=(  0.083448 -0.207792  0.974607)
     Si 201  Q=         0.0000 1e-30 m^2  Cq=        -0.0000 MHz  eta= 0.94327
 
     Si 202    Vxx=   -0.0002    axis=(  0.000000 -0.519402 -0.854530)
     Si 202    Vyy=   -0.0012    axis=(  0.000000 -0.854530  0.519402)
     Si 202    Vzz=    0.0015    axis=(  1.000000  0.000000  0.000000)
     Si 202  Q=         0.0000 1e-30 m^2  Cq=         0.0000 MHz  eta= 0.70416
 
     Si 203    Vxx=   -0.0007    axis=(  0.000000  0.317858 -0.948138)
     Si 203    Vyy=   -0.0037    axis=(  1.000000  0.000000  0.000000)
     Si 203    Vzz=    0.0044    axis=(  0.000000 -0.948138 -0.317858)
     Si 203  Q=         0.0000 1e-30 m^2  Cq=         0.0000 MHz  eta= 0.66698
 
     Si 204    Vxx=   -0.0014    axis=( -0.318804 -0.184717  0.929647)
     Si 204    Vyy=   -0.0030    axis=(  0.089576  0.970564  0.223566)
     Si 204    Vzz=    0.0044    axis=( -0.943578  0.154548 -0.292873)
     Si 204  Q=         0.0000 1e-30 m^2  Cq=         0.0000 MHz  eta= 0.35546
 
     Si 205    Vxx=   -0.0002    axis=(  0.000000  0.519402 -0.854530)
     Si 205    Vyy=   -0.0012    axis=(  0.000000 -0.854530 -0.519402)
     Si 205    Vzz=    0.0015    axis=(  1.000000  0.000000  0.000000)
     Si 205  Q=         0.0000 1e-30 m^2  Cq=         0.0000 MHz  eta= 0.70416
 
     Si 206    Vxx=    0.0003    axis=(  0.984528  0.134029 -0.112873)
     Si 206    Vyy=    0.0094    axis=( -0.154080  0.968947 -0.193393)
     Si 206    Vzz=   -0.0096    axis=(  0.083448  0.207792  0.974607)
     Si 206  Q=         0.0000 1e-30 m^2  Cq=        -0.0000 MHz  eta= 0.94327
 
     Si 207    Vxx=   -0.0014    axis=( -0.318804  0.184717  0.929647)
     Si 207    Vyy=   -0.0030    axis=( -0.089576  0.970564 -0.223566)
     Si 207    Vzz=    0.0044    axis=( -0.943578 -0.154548 -0.292873)
     Si 207  Q=         0.0000 1e-30 m^2  Cq=         0.0000 MHz  eta= 0.35546
 
     Si 208    Vxx=   -0.0007    axis=(  0.000000 -0.317858 -0.948138)
     Si 208    Vyy=   -0.0037    axis=(  1.000000  0.000000  0.000000)
     Si 208    Vzz=    0.0044    axis=(  0.000000 -0.948138  0.317858)
     Si 208  Q=         0.0000 1e-30 m^2  Cq=         0.0000 MHz  eta= 0.66698
 
     Si 209    Vxx=   -0.0007    axis=(  0.317920  0.000000 -0.948118)
     Si 209    Vyy=   -0.0037    axis=(  0.000000 -1.000000  0.000000)
     Si 209    Vzz=    0.0044    axis=(  0.948118  0.000000  0.317920)
     Si 209  Q=         0.0000 1e-30 m^2  Cq=         0.0000 MHz  eta= 0.66701
 
     Si 210    Vxx=   -0.0014    axis=( -0.184754 -0.318826  0.929632)
     Si 210    Vyy=   -0.0030    axis=( -0.970557 -0.089558 -0.223603)
     Si 210    Vzz=    0.0044    axis=(  0.154546 -0.943573 -0.292893)
     Si 210  Q=         0.0000 1e-30 m^2  Cq=         0.0000 MHz  eta= 0.35554
 
     Si 211    Vxx=    0.0003    axis=( -0.134024  0.984527 -0.112888)
     Si 211    Vyy=    0.0094    axis=( -0.968947 -0.154078 -0.193393)
     Si 211    Vzz=   -0.0096    axis=( -0.207794  0.083463  0.974605)
     Si 211  Q=         0.0000 1e-30 m^2  Cq=        -0.0000 MHz  eta= 0.94325
 
     Si 212    Vxx=   -0.0002    axis=( -0.519361  0.000000 -0.854555)
     Si 212    Vyy=   -0.0012    axis=(  0.854555  0.000000 -0.519361)
     Si 212    Vzz=    0.0015    axis=(  0.000000 -1.000000  0.000000)
     Si 212  Q=         0.0000 1e-30 m^2  Cq=         0.0000 MHz  eta= 0.70411
 
     Si 213    Vxx=   -0.0014    axis=(  0.184754 -0.318826  0.929632)
     Si 213    Vyy=   -0.0030    axis=(  0.970557 -0.089558 -0.223603)
     Si 213    Vzz=    0.0044    axis=(  0.154546  0.943573  0.292893)
     Si 213  Q=         0.0000 1e-30 m^2  Cq=         0.0000 MHz  eta= 0.35554
 
     Si 214    Vxx=   -0.0007    axis=( -0.317920  0.000000 -0.948118)
     Si 214    Vyy=   -0.0037    axis=(  0.000000  1.000000  0.000000)
     Si 214    Vzz=    0.0044    axis=( -0.948118  0.000000  0.317920)
     Si 214  Q=         0.0000 1e-30 m^2  Cq=         0.0000 MHz  eta= 0.66701
 
     Si 215    Vxx=   -0.0002    axis=(  0.519361  0.000000 -0.854555)
     Si 215    Vyy=   -0.0012    axis=( -0.854555  0.000000 -0.519361)
     Si 215    Vzz=    0.0015    axis=(  0.000000  1.000000  0.000000)
     Si 215  Q=         0.0000 1e-30 m^2  Cq=         0.0000 MHz  eta= 0.70411
 
     Si 216    Vxx=    0.0003    axis=( -0.134024 -0.984527  0.112888)
     Si 216    Vyy=    0.0094    axis=(  0.968947 -0.154078 -0.193393)
     Si 216    Vzz=   -0.0096    axis=(  0.207794  0.083463  0.974605)
     Si 216  Q=         0.0000 1e-30 m^2  Cq=        -0.0000 MHz  eta= 0.94325
 
     H  217    Vxx=   -0.0343    axis=(  1.000000  0.000000  0.000000)
     H  217    Vyy=   -0.0343    axis=(  0.000000  1.000000  0.000000)
     H  217    Vzz=    0.0685    axis=(  0.000000  0.000000  1.000000)
     H  217  Q=         1.0000 1e-30 m^2  Cq=         0.1610 MHz  eta= 0.00003
 
     Initialization:
     gipaw_setup  :      3.19s CPU      3.53s WALL (       1 calls)
 
     Linear response
 
     Apply operators
 
     Induced current
 
     Other routines
     efg          :     62.07s CPU     64.38s WALL (       1 calls)
 
     General routines
     calbec       :     32.38s CPU     32.92s WALL (       8 calls)
     fft          :      0.31s CPU      0.32s WALL (      15 calls)
     ffts         :      0.00s CPU      0.01s WALL (       2 calls)
     fftw         :     14.45s CPU     14.57s WALL (   11152 calls)
     davcio       :      0.04s CPU     30.13s WALL (      24 calls)
 
     Parallel routines
 
     Plugins
 
 
     GIPAW        :   1m49.07s CPU   2m30.14s WALL

 
   This run was terminated on:  12:10:58  14Jun2021            

=------------------------------------------------------------------------------=
   JOB DONE.
=------------------------------------------------------------------------------=
